{
    "sample_0.jpg": {
        "CLIP_I": 0.805176,
        "DINO": 0.503401
    },
    "sample_1.jpg": {
        "CLIP_I": 0.770508,
        "DINO": 0.526532
    },
    "sample_2.jpg": {
        "CLIP_I": 0.812012,
        "DINO": 0.492114
    },
    "sample_3.jpg": {
        "CLIP_I": 0.699219,
        "DINO": 0.505249
    },
    "sample_4.jpg": {
        "CLIP_I": 0.806152,
        "DINO": 0.487711
    },
    "sample_5.jpg": {
        "CLIP_I": 0.775391,
        "DINO": 0.511617
    },
    "sample_6.jpg": {
        "CLIP_I": 0.806152,
        "DINO": 0.556518
    },
    "sample_7.jpg": {
        "CLIP_I": 0.856934,
        "DINO": 0.598658
    },
    "sample_8.jpg": {
        "CLIP_I": 0.830078,
        "DINO": 0.607138
    },
    "sample_9.jpg": {
        "CLIP_I": 0.847168,
        "DINO": 0.551381
    },
    "sample_10.jpg": {
        "CLIP_I": 0.675293,
        "DINO": 0.697726
    },
    "sample_11.jpg": {
        "CLIP_I": 0.727539,
        "DINO": 0.743362
    },
    "sample_12.jpg": {
        "CLIP_I": 0.698242,
        "DINO": 0.700822
    },
    "sample_13.jpg": {
        "CLIP_I": 0.687012,
        "DINO": 0.667513
    },
    "sample_14.jpg": {
        "CLIP_I": 0.730469,
        "DINO": 0.691926
    },
    "sample_15.jpg": {
        "CLIP_I": 0.808594,
        "DINO": 0.722021
    },
    "sample_16.jpg": {
        "CLIP_I": 0.80957,
        "DINO": 0.66572
    },
    "sample_17.jpg": {
        "CLIP_I": 0.835938,
        "DINO": 0.707516
    },
    "sample_18.jpg": {
        "CLIP_I": 0.798828,
        "DINO": 0.677158
    },
    "sample_19.jpg": {
        "CLIP_I": 0.836426,
        "DINO": 0.714813
    },
    "sample_20.jpg": {
        "CLIP_I": 0.677246,
        "DINO": 0.578141
    },
    "sample_21.jpg": {
        "CLIP_I": 0.685547,
        "DINO": 0.536467
    },
    "sample_22.jpg": {
        "CLIP_I": 0.736816,
        "DINO": 0.59053
    },
    "sample_23.jpg": {
        "CLIP_I": 0.674805,
        "DINO": 0.531472
    },
    "sample_24.jpg": {
        "CLIP_I": 0.746094,
        "DINO": 0.536081
    },
    "sample_25.jpg": {
        "CLIP_I": 0.759277,
        "DINO": 0.402045
    },
    "sample_26.jpg": {
        "CLIP_I": 0.708984,
        "DINO": 0.396644
    },
    "sample_27.jpg": {
        "CLIP_I": 0.739746,
        "DINO": 0.400179
    },
    "sample_28.jpg": {
        "CLIP_I": 0.771484,
        "DINO": 0.385552
    },
    "sample_29.jpg": {
        "CLIP_I": 0.737793,
        "DINO": 0.397875
    },
    "sample_30.jpg": {
        "CLIP_I": 0.903809,
        "DINO": 0.834396
    },
    "sample_31.jpg": {
        "CLIP_I": 0.875488,
        "DINO": 0.831645
    },
    "sample_32.jpg": {
        "CLIP_I": 0.820801,
        "DINO": 0.812131
    },
    "sample_33.jpg": {
        "CLIP_I": 0.917969,
        "DINO": 0.83126
    },
    "sample_34.jpg": {
        "CLIP_I": 0.875977,
        "DINO": 0.83415
    },
    "sample_35.jpg": {
        "CLIP_I": 0.908203,
        "DINO": 0.745194
    },
    "sample_36.jpg": {
        "CLIP_I": 0.842285,
        "DINO": 0.743773
    },
    "sample_37.jpg": {
        "CLIP_I": 0.916992,
        "DINO": 0.742283
    },
    "sample_38.jpg": {
        "CLIP_I": 0.922852,
        "DINO": 0.737264
    },
    "sample_39.jpg": {
        "CLIP_I": 0.908691,
        "DINO": 0.731812
    },
    "sample_40.jpg": {
        "CLIP_I": 0.869629,
        "DINO": 0.727641
    },
    "sample_41.jpg": {
        "CLIP_I": 0.927246,
        "DINO": 0.782633
    },
    "sample_42.jpg": {
        "CLIP_I": 0.859863,
        "DINO": 0.744853
    },
    "sample_43.jpg": {
        "CLIP_I": 0.888672,
        "DINO": 0.740749
    },
    "sample_44.jpg": {
        "CLIP_I": 0.925781,
        "DINO": 0.730483
    },
    "sample_45.jpg": {
        "CLIP_I": 0.783203,
        "DINO": 0.677939
    },
    "sample_46.jpg": {
        "CLIP_I": 0.807129,
        "DINO": 0.692668
    },
    "sample_47.jpg": {
        "CLIP_I": 0.783203,
        "DINO": 0.707897
    },
    "sample_48.jpg": {
        "CLIP_I": 0.796875,
        "DINO": 0.675504
    },
    "sample_49.jpg": {
        "CLIP_I": 0.872559,
        "DINO": 0.703637
    },
    "sample_50.jpg": {
        "CLIP_I": 0.939941,
        "DINO": 0.852265
    },
    "sample_51.jpg": {
        "CLIP_I": 0.916016,
        "DINO": 0.884849
    },
    "sample_52.jpg": {
        "CLIP_I": 0.923828,
        "DINO": 0.862904
    },
    "sample_53.jpg": {
        "CLIP_I": 0.905273,
        "DINO": 0.87941
    },
    "sample_54.jpg": {
        "CLIP_I": 0.837402,
        "DINO": 0.851828
    },
    "sample_55.jpg": {
        "CLIP_I": 0.867188,
        "DINO": 0.7688
    },
    "sample_56.jpg": {
        "CLIP_I": 0.858887,
        "DINO": 0.802254
    },
    "sample_57.jpg": {
        "CLIP_I": 0.902832,
        "DINO": 0.820472
    },
    "sample_58.jpg": {
        "CLIP_I": 0.899902,
        "DINO": 0.815568
    },
    "sample_59.jpg": {
        "CLIP_I": 0.855469,
        "DINO": 0.824915
    },
    "sample_60.jpg": {
        "CLIP_I": 0.84082,
        "DINO": 0.70628
    },
    "sample_61.jpg": {
        "CLIP_I": 0.746582,
        "DINO": 0.724268
    },
    "sample_62.jpg": {
        "CLIP_I": 0.867676,
        "DINO": 0.75625
    },
    "sample_63.jpg": {
        "CLIP_I": 0.86084,
        "DINO": 0.759913
    },
    "sample_64.jpg": {
        "CLIP_I": 0.686523,
        "DINO": 0.722741
    },
    "sample_65.jpg": {
        "CLIP_I": 0.86084,
        "DINO": 0.776177
    },
    "sample_66.jpg": {
        "CLIP_I": 0.718262,
        "DINO": 0.78982
    },
    "sample_67.jpg": {
        "CLIP_I": 0.930176,
        "DINO": 0.812622
    },
    "sample_68.jpg": {
        "CLIP_I": 0.946777,
        "DINO": 0.843959
    },
    "sample_69.jpg": {
        "CLIP_I": 0.796387,
        "DINO": 0.821346
    },
    "sample_70.jpg": {
        "CLIP_I": 0.890625,
        "DINO": 0.764344
    },
    "sample_71.jpg": {
        "CLIP_I": 0.917969,
        "DINO": 0.790493
    },
    "sample_72.jpg": {
        "CLIP_I": 0.916504,
        "DINO": 0.77319
    },
    "sample_73.jpg": {
        "CLIP_I": 0.908691,
        "DINO": 0.788691
    },
    "sample_74.jpg": {
        "CLIP_I": 0.935059,
        "DINO": 0.798278
    },
    "sample_75.jpg": {
        "CLIP_I": 0.779297,
        "DINO": 0.673005
    },
    "sample_76.jpg": {
        "CLIP_I": 0.800781,
        "DINO": 0.657099
    },
    "sample_77.jpg": {
        "CLIP_I": 0.786133,
        "DINO": 0.622849
    },
    "sample_78.jpg": {
        "CLIP_I": 0.808594,
        "DINO": 0.648934
    },
    "sample_79.jpg": {
        "CLIP_I": 0.856445,
        "DINO": 0.695629
    },
    "sample_80.jpg": {
        "CLIP_I": 0.927246,
        "DINO": 0.680568
    },
    "sample_81.jpg": {
        "CLIP_I": 0.901367,
        "DINO": 0.66954
    },
    "sample_82.jpg": {
        "CLIP_I": 0.887207,
        "DINO": 0.602716
    },
    "sample_83.jpg": {
        "CLIP_I": 0.876465,
        "DINO": 0.546809
    },
    "sample_84.jpg": {
        "CLIP_I": 0.807129,
        "DINO": 0.544777
    },
    "sample_85.jpg": {
        "CLIP_I": 0.922852,
        "DINO": 0.720917
    },
    "sample_86.jpg": {
        "CLIP_I": 0.921387,
        "DINO": 0.732625
    },
    "sample_87.jpg": {
        "CLIP_I": 0.87793,
        "DINO": 0.654505
    },
    "sample_88.jpg": {
        "CLIP_I": 0.912598,
        "DINO": 0.759349
    },
    "sample_89.jpg": {
        "CLIP_I": 0.960449,
        "DINO": 0.743545
    },
    "sample_90.jpg": {
        "CLIP_I": 0.861328,
        "DINO": 0.49558
    },
    "sample_91.jpg": {
        "CLIP_I": 0.838379,
        "DINO": 0.478108
    },
    "sample_92.jpg": {
        "CLIP_I": 0.869629,
        "DINO": 0.512242
    },
    "sample_93.jpg": {
        "CLIP_I": 0.816895,
        "DINO": 0.508311
    },
    "sample_94.jpg": {
        "CLIP_I": 0.851074,
        "DINO": 0.539352
    },
    "sample_95.jpg": {
        "CLIP_I": 0.833496,
        "DINO": 0.650429
    },
    "sample_96.jpg": {
        "CLIP_I": 0.822754,