{
    "sample_0.jpg": {
        "CLIP_I": 0.801758,
        "DINO": 0.53336
    },
    "sample_1.jpg": {
        "CLIP_I": 0.866211,
        "DINO": 0.586396
    },
    "sample_2.jpg": {
        "CLIP_I": 0.899902,
        "DINO": 0.627346
    },
    "sample_3.jpg": {
        "CLIP_I": 0.876465,
        "DINO": 0.656269
    },
    "sample_4.jpg": {
        "CLIP_I": 0.876953,
        "DINO": 0.649335
    },
    "sample_5.jpg": {
        "CLIP_I": 0.61084,
        "DINO": 0.0959
    },
    "sample_6.jpg": {
        "CLIP_I": 0.664062,
        "DINO": 0.08742
    },
    "sample_7.jpg": {
        "CLIP_I": 0.651855,
        "DINO": 0.134202
    },
    "sample_8.jpg": {
        "CLIP_I": 0.699707,
        "DINO": 0.141148
    },
    "sample_9.jpg": {
        "CLIP_I": 0.614746,
        "DINO": 0.105913
    },
    "sample_10.jpg": {
        "CLIP_I": 0.736816,
        "DINO": 0.715696
    },
    "sample_11.jpg": {
        "CLIP_I": 0.771973,
        "DINO": 0.733438
    },
    "sample_12.jpg": {
        "CLIP_I": 0.811035,
        "DINO": 0.814414
    },
    "sample_13.jpg": {
        "CLIP_I": 0.662598,
        "DINO": 0.676713
    },
    "sample_14.jpg": {
        "CLIP_I": 0.768555,
        "DINO": 0.792067
    },
    "sample_15.jpg": {
        "CLIP_I": 0.749512,
        "DINO": 0.218175
    },
    "sample_16.jpg": {
        "CLIP_I": 0.614258,
        "DINO": 0.144727
    },
    "sample_17.jpg": {
        "CLIP_I": 0.685059,
        "DINO": 0.31662
    },
    "sample_18.jpg": {
        "CLIP_I": 0.753418,
        "DINO": 0.233627
    },
    "sample_19.jpg": {
        "CLIP_I": 0.609863,
        "DINO": 0.470848
    },
    "sample_20.jpg": {
        "CLIP_I": 0.697754,
        "DINO": 0.657479
    },
    "sample_21.jpg": {
        "CLIP_I": 0.801758,
        "DINO": 0.733737
    },
    "sample_22.jpg": {
        "CLIP_I": 0.775391,
        "DINO": 0.498843
    },
    "sample_23.jpg": {
        "CLIP_I": 0.609863,
        "DINO": 0.163432
    },
    "sample_24.jpg": {
        "CLIP_I": 0.725586,
        "DINO": 0.721087
    },
    "sample_25.jpg": {
        "CLIP_I": 0.751953,
        "DINO": 0.669878
    },
    "sample_26.jpg": {
        "CLIP_I": 0.822754,
        "DINO": 0.622792
    },
    "sample_27.jpg": {
        "CLIP_I": 0.741211,
        "DINO": 0.418352
    },
    "sample_28.jpg": {
        "CLIP_I": 0.793945,
        "DINO": 0.559582
    },
    "sample_29.jpg": {
        "CLIP_I": 0.814453,
        "DINO": 0.538326
    },
    "sample_30.jpg": {
        "CLIP_I": 0.934082,
        "DINO": 0.827457
    },
    "sample_31.jpg": {
        "CLIP_I": 0.885254,
        "DINO": 0.839629
    },
    "sample_32.jpg": {
        "CLIP_I": 0.841309,
        "DINO": 0.803932
    },
    "sample_33.jpg": {
        "CLIP_I": 0.941895,
        "DINO": 0.759265
    },
    "sample_34.jpg": {
        "CLIP_I": 0.920898,
        "DINO": 0.813889
    },
    "sample_35.jpg": {
        "CLIP_I": 0.840332,
        "DINO": 0.664084
    },
    "sample_36.jpg": {
        "CLIP_I": 0.838379,
        "DINO": 0.769103
    },
    "sample_37.jpg": {
        "CLIP_I": 0.67334,
        "DINO": 0.492465
    },
    "sample_38.jpg": {
        "CLIP_I": 0.830078,
        "DINO": 0.788975
    },
    "sample_39.jpg": {
        "CLIP_I": 0.803711,
        "DINO": 0.714029
    },
    "sample_40.jpg": {
        "CLIP_I": 0.835938,
        "DINO": 0.521949
    },
    "sample_41.jpg": {
        "CLIP_I": 0.90332,
        "DINO": 0.78164
    },
    "sample_42.jpg": {
        "CLIP_I": 0.814941,
        "DINO": 0.766815
    },
    "sample_43.jpg": {
        "CLIP_I": 0.819336,
        "DINO": 0.671942
    },
    "sample_44.jpg": {
        "CLIP_I": 0.904297,
        "DINO": 0.83515
    },
    "sample_45.jpg": {
        "CLIP_I": 0.906738,
        "DINO": 0.83709
    },
    "sample_46.jpg": {
        "CLIP_I": 0.898926,
        "DINO": 0.810844
    },
    "sample_47.jpg": {
        "CLIP_I": 0.858887,
        "DINO": 0.767597
    },
    "sample_48.jpg": {
        "CLIP_I": 0.895508,
        "DINO": 0.780404
    },
    "sample_49.jpg": {
        "CLIP_I": 0.886719,
        "DINO": 0.797124
    },
    "sample_50.jpg": {
        "CLIP_I": 0.723145,
        "DINO": 0.650111
    },
    "sample_51.jpg": {
        "CLIP_I": 0.892578,
        "DINO": 0.803675
    },
    "sample_52.jpg": {
        "CLIP_I": 0.842773,
        "DINO": 0.864433
    },
    "sample_53.jpg": {
        "CLIP_I": 0.898438,
        "DINO": 0.838919
    },
    "sample_54.jpg": {
        "CLIP_I": 0.772949,
        "DINO": 0.748144
    },
    "sample_55.jpg": {
        "CLIP_I": 0.696289,
        "DINO": 0.477669
    },
    "sample_56.jpg": {
        "CLIP_I": 0.777344,
        "DINO": 0.776655
    },
    "sample_57.jpg": {
        "CLIP_I": 0.845215,
        "DINO": 0.796677
    },
    "sample_58.jpg": {
        "CLIP_I": 0.911621,
        "DINO": 0.837419
    },
    "sample_59.jpg": {
        "CLIP_I": 0.78125,
        "DINO": 0.789345
    },
    "sample_60.jpg": {
        "CLIP_I": 0.696777,
        "DINO": 0.506756
    },
    "sample_61.jpg": {
        "CLIP_I": 0.700684,
        "DINO": 0.588199
    },
    "sample_62.jpg": {
        "CLIP_I": 0.741211,
        "DINO": 0.582559
    },
    "sample_63.jpg": {
        "CLIP_I": 0.875977,
        "DINO": 0.63353
    },
    "sample_64.jpg": {
        "CLIP_I": 0.737305,
        "DINO": 0.608474
    },
    "sample_65.jpg": {
        "CLIP_I": 0.689941,
        "DINO": 0.528814
    },
    "sample_66.jpg": {
        "CLIP_I": 0.592285,
        "DINO": 0.476624
    },
    "sample_67.jpg": {
        "CLIP_I": 0.822266,
        "DINO": 0.619706
    },
    "sample_68.jpg": {
        "CLIP_I": 0.792969,
        "DINO": 0.43551
    },
    "sample_69.jpg": {
        "CLIP_I": 0.740723,
        "DINO": 0.661651
    },
    "sample_70.jpg": {
        "CLIP_I": 0.76123,
        "DINO": 0.742447
    },
    "sample_71.jpg": {
        "CLIP_I": 0.84082,
        "DINO": 0.66123
    },
    "sample_72.jpg": {
        "CLIP_I": 0.907227,
        "DINO": 0.849057
    },
    "sample_73.jpg": {
        "CLIP_I": 0.838867,
        "DINO": 0.712266
    },
    "sample_74.jpg": {
        "CLIP_I": 0.758301,
        "DINO": 0.694846
    },
    "sample_75.jpg": {
        "CLIP_I": 0.602539,
        "DINO": 0.189488
    },
    "sample_76.jpg": {
        "CLIP_I": 0.763184,
        "DINO": 0.601005
    },
    "sample_77.jpg": {
        "CLIP_I": 0.729004,
        "DINO": 0.505113
    },
    "sample_78.jpg": {
        "CLIP_I": 0.738281,
        "DINO": 0.61615
    },
    "sample_79.jpg": {
        "CLIP_I": 0.848633,
        "DINO": 0.61576
    },
    "sample_80.jpg": {
        "CLIP_I": 0.854004,
        "DINO": 0.715815
    },
    "sample_81.jpg": {
        "CLIP_I": 0.909668,
        "DINO": 0.760242
    },
    "sample_82.jpg": {
        "CLIP_I": 0.555664,
        "DINO": 0.163796
    },
    "sample_83.jpg": {
        "CLIP_I": 0.81543,
        "DINO": 0.480582
    },
    "sample_84.jpg": {
        "CLIP_I": 0.818848,
        "DINO": 0.505643
    },
    "sample_85.jpg": {
        "CLIP_I": 0.950195,
        "DINO": 0.819231
    },
    "sample_86.jpg": {
        "CLIP_I": 0.953125,
        "DINO": 0.830155
    },
    "sample_87.jpg": {
        "CLIP_I": 0.959473,
        "DINO": 0.879393
    },
    "sample_88.jpg": {
        "CLIP_I": 0.930664,
        "DINO": 0.826173
    },
    "sample_89.jpg": {
        "CLIP_I": 0.939941,
        "DINO": 0.842092
    },
    "sample_90.jpg": {
        "CLIP_I": 0.833008,
        "DINO": 0.579456
    },
    "sample_91.jpg": {
        "CLIP_I": 0.81543,
        "DINO": 0.572527
    },
    "sample_92.jpg": {
        "CLIP_I": 0.821777,
        "DINO": 0.594826
    },
    "sample_93.jpg": {
        "CLIP_I": 0.552246,
        "DINO": 0.218769
    },
    "sample_94.jpg": {
        "CLIP_I": 0.816895,
        "DINO": 0.57067
    },
    "sample_95.jpg": {
        "CLIP_I": 0.803711,
        "DINO": 0.702999
    },
    "sample_96.jpg": {
        "CLIP_I": 0.802246,