{
    "sample_0.jpg": {
        "CLIP_I": 0.802246,
        "DINO": 0.351016
    },
    "sample_1.jpg": {
        "CLIP_I": 0.79541,
        "DINO": 0.433781
    },
    "sample_2.jpg": {
        "CLIP_I": 0.829102,
        "DINO": 0.493502
    },
    "sample_3.jpg": {
        "CLIP_I": 0.824707,
        "DINO": 0.269172
    },
    "sample_4.jpg": {
        "CLIP_I": 0.581543,
        "DINO": 0.04168
    },
    "sample_5.jpg": {
        "CLIP_I": 0.723145,
        "DINO": 0.483968
    },
    "sample_6.jpg": {
        "CLIP_I": 0.632324,
        "DINO": 0.477363
    },
    "sample_7.jpg": {
        "CLIP_I": 0.627441,
        "DINO": 0.413353
    },
    "sample_8.jpg": {
        "CLIP_I": 0.568848,
        "DINO": 0.306044
    },
    "sample_9.jpg": {
        "CLIP_I": 0.620117,
        "DINO": 0.428626
    },
    "sample_10.jpg": {
        "CLIP_I": 0.720703,
        "DINO": 0.507403
    },
    "sample_11.jpg": {
        "CLIP_I": 0.643066,
        "DINO": 0.426518
    },
    "sample_12.jpg": {
        "CLIP_I": 0.761719,
        "DINO": 0.665659
    },
    "sample_13.jpg": {
        "CLIP_I": 0.65625,
        "DINO": 0.642733
    },
    "sample_14.jpg": {
        "CLIP_I": 0.723633,
        "DINO": 0.672378
    },
    "sample_15.jpg": {
        "CLIP_I": 0.728027,
        "DINO": 0.253343
    },
    "sample_16.jpg": {
        "CLIP_I": 0.547363,
        "DINO": 0.154172
    },
    "sample_17.jpg": {
        "CLIP_I": 0.791016,
        "DINO": 0.439688
    },
    "sample_18.jpg": {
        "CLIP_I": 0.513672,
        "DINO": 0.223928
    },
    "sample_19.jpg": {
        "CLIP_I": 0.425293,
        "DINO": 0.077633
    },
    "sample_20.jpg": {
        "CLIP_I": 0.539551,
        "DINO": 0.166751
    },
    "sample_21.jpg": {
        "CLIP_I": 0.831055,
        "DINO": 0.760383
    },
    "sample_22.jpg": {
        "CLIP_I": 0.803223,
        "DINO": 0.486297
    },
    "sample_23.jpg": {
        "CLIP_I": 0.619141,
        "DINO": 0.200214
    },
    "sample_24.jpg": {
        "CLIP_I": 0.780762,
        "DINO": 0.553996
    },
    "sample_25.jpg": {
        "CLIP_I": 0.766602,
        "DINO": 0.489272
    },
    "sample_26.jpg": {
        "CLIP_I": 0.84375,
        "DINO": 0.61773
    },
    "sample_27.jpg": {
        "CLIP_I": 0.816406,
        "DINO": 0.55916
    },
    "sample_28.jpg": {
        "CLIP_I": 0.703125,
        "DINO": 0.587993
    },
    "sample_29.jpg": {
        "CLIP_I": 0.848633,
        "DINO": 0.665703
    },
    "sample_30.jpg": {
        "CLIP_I": 0.850098,
        "DINO": 0.73145
    },
    "sample_31.jpg": {
        "CLIP_I": 0.71582,
        "DINO": 0.560479
    },
    "sample_32.jpg": {
        "CLIP_I": 0.743164,
        "DINO": 0.701654
    },
    "sample_33.jpg": {
        "CLIP_I": 0.719727,
        "DINO": 0.535623
    },
    "sample_34.jpg": {
        "CLIP_I": 0.749512,
        "DINO": 0.693211
    },
    "sample_35.jpg": {
        "CLIP_I": 0.683105,
        "DINO": 0.435432
    },
    "sample_36.jpg": {
        "CLIP_I": 0.770996,
        "DINO": 0.730709
    },
    "sample_37.jpg": {
        "CLIP_I": 0.686035,
        "DINO": 0.647139
    },
    "sample_38.jpg": {
        "CLIP_I": 0.860352,
        "DINO": 0.773523
    },
    "sample_39.jpg": {
        "CLIP_I": 0.865723,
        "DINO": 0.763127
    },
    "sample_40.jpg": {
        "CLIP_I": 0.641602,
        "DINO": 0.124741
    },
    "sample_41.jpg": {
        "CLIP_I": 0.889648,
        "DINO": 0.749601
    },
    "sample_42.jpg": {
        "CLIP_I": 0.788574,
        "DINO": 0.456473
    },
    "sample_43.jpg": {
        "CLIP_I": 0.637207,
        "DINO": 0.154062
    },
    "sample_44.jpg": {
        "CLIP_I": 0.875488,
        "DINO": 0.703591
    },
    "sample_45.jpg": {
        "CLIP_I": 0.546387,
        "DINO": 0.27194
    },
    "sample_46.jpg": {
        "CLIP_I": 0.783203,
        "DINO": 0.664986
    },
    "sample_47.jpg": {
        "CLIP_I": 0.820312,
        "DINO": 0.773747
    },
    "sample_48.jpg": {
        "CLIP_I": 0.557129,
        "DINO": 0.099196
    },
    "sample_49.jpg": {
        "CLIP_I": 0.830078,
        "DINO": 0.571186
    },
    "sample_50.jpg": {
        "CLIP_I": 0.691406,
        "DINO": 0.491738
    },
    "sample_51.jpg": {
        "CLIP_I": 0.737793,
        "DINO": 0.692427
    },
    "sample_52.jpg": {
        "CLIP_I": 0.79248,
        "DINO": 0.764225
    },
    "sample_53.jpg": {
        "CLIP_I": 0.819336,
        "DINO": 0.784049
    },
    "sample_54.jpg": {
        "CLIP_I": 0.787598,
        "DINO": 0.733909
    },
    "sample_55.jpg": {
        "CLIP_I": 0.694824,
        "DINO": 0.469235
    },
    "sample_56.jpg": {
        "CLIP_I": 0.587891,
        "DINO": 0.185779
    },
    "sample_57.jpg": {
        "CLIP_I": 0.691406,
        "DINO": 0.688373
    },
    "sample_58.jpg": {
        "CLIP_I": 0.800781,
        "DINO": 0.689836
    },
    "sample_59.jpg": {
        "CLIP_I": 0.748535,
        "DINO": 0.801254
    },
    "sample_60.jpg": {
        "CLIP_I": 0.691895,
        "DINO": 0.60017
    },
    "sample_61.jpg": {
        "CLIP_I": 0.71875,
        "DINO": 0.610561
    },
    "sample_62.jpg": {
        "CLIP_I": 0.73291,
        "DINO": 0.528281
    },
    "sample_63.jpg": {
        "CLIP_I": 0.78125,
        "DINO": 0.600123
    },
    "sample_64.jpg": {
        "CLIP_I": 0.583008,
        "DINO": 0.625763
    },
    "sample_65.jpg": {
        "CLIP_I": 0.501953,
        "DINO": 0.196005
    },
    "sample_66.jpg": {
        "CLIP_I": 0.624512,
        "DINO": 0.370122
    },
    "sample_67.jpg": {
        "CLIP_I": 0.776367,
        "DINO": 0.607507
    },
    "sample_68.jpg": {
        "CLIP_I": 0.808594,
        "DINO": 0.600778
    },
    "sample_69.jpg": {
        "CLIP_I": 0.628906,
        "DINO": 0.324136
    },
    "sample_70.jpg": {
        "CLIP_I": 0.802246,
        "DINO": 0.593275
    },
    "sample_71.jpg": {
        "CLIP_I": 0.87207,
        "DINO": 0.621484
    },
    "sample_72.jpg": {
        "CLIP_I": 0.758789,
        "DINO": 0.443761
    },
    "sample_73.jpg": {
        "CLIP_I": 0.810547,
        "DINO": 0.430661
    },
    "sample_74.jpg": {
        "CLIP_I": 0.813477,
        "DINO": 0.549353
    },
    "sample_75.jpg": {
        "CLIP_I": 0.649414,
        "DINO": 0.334555
    },
    "sample_76.jpg": {
        "CLIP_I": 0.677246,
        "DINO": 0.528182
    },
    "sample_77.jpg": {
        "CLIP_I": 0.654297,
        "DINO": 0.539547
    },
    "sample_78.jpg": {
        "CLIP_I": 0.716797,
        "DINO": 0.519576
    },
    "sample_79.jpg": {
        "CLIP_I": 0.755859,
        "DINO": 0.488934
    },
    "sample_80.jpg": {
        "CLIP_I": 0.730469,
        "DINO": 0.624444
    },
    "sample_81.jpg": {
        "CLIP_I": 0.600098,
        "DINO": 0.103871
    },
    "sample_82.jpg": {
        "CLIP_I": 0.552246,
        "DINO": 0.121857
    },
    "sample_83.jpg": {
        "CLIP_I": 0.573242,
        "DINO": 0.036458
    },
    "sample_84.jpg": {
        "CLIP_I": 0.734863,
        "DINO": 0.133314
    },
    "sample_85.jpg": {
        "CLIP_I": 0.806641,
        "DINO": 0.547418
    },
    "sample_86.jpg": {
        "CLIP_I": 0.68457,
        "DINO": 0.503047
    },
    "sample_87.jpg": {
        "CLIP_I": 0.683105,
        "DINO": 0.62682
    },
    "sample_88.jpg": {
        "CLIP_I": 0.789062,
        "DINO": 0.455756
    },
    "sample_89.jpg": {
        "CLIP_I": 0.769531,
        "DINO": 0.398895
    },
    "sample_90.jpg": {
        "CLIP_I": 0.797363,
        "DINO": 0.507565
    },
    "sample_91.jpg": {
        "CLIP_I": 0.385986,
        "DINO": 0.076884
    },
    "sample_92.jpg": {
        "CLIP_I": 0.41333,
        "DINO": 0.08463
    },
    "sample_93.jpg": {
        "CLIP_I": 0.438477,
        "DINO": -0.004517
    },
    "sample_94.jpg": {
        "CLIP_I": 0.541016,
        "DINO": 0.107016
    },
    "sample_95.jpg": {
        "CLIP_I": 0.72168,
        "DINO": 0.561362
    },
    "sample_96.jpg": {
        "CLIP_I": 0.429443,