{
    "sample_0.jpg": {
        "CLIP_I": 0.803711,
        "DINO": 0.817879
    },
    "sample_1.jpg": {
        "CLIP_I": 0.791016,
        "DINO": 0.820187
    },
    "sample_2.jpg": {
        "CLIP_I": 0.740723,
        "DINO": 0.224351
    },
    "sample_3.jpg": {
        "CLIP_I": 0.772461,
        "DINO": 0.762599
    },
    "sample_4.jpg": {
        "CLIP_I": 0.770508,
        "DINO": 0.846051
    },
    "sample_5.jpg": {
        "CLIP_I": 0.734863,
        "DINO": 0.52594
    },
    "sample_6.jpg": {
        "CLIP_I": 0.737305,
        "DINO": 0.770465
    },
    "sample_7.jpg": {
        "CLIP_I": 0.77002,
        "DINO": 0.757828
    },
    "sample_8.jpg": {
        "CLIP_I": 0.779785,
        "DINO": 0.786589
    },
    "sample_9.jpg": {
        "CLIP_I": 0.728516,
        "DINO": 0.589947
    },
    "sample_10.jpg": {
        "CLIP_I": 0.598145,
        "DINO": 0.582816
    },
    "sample_11.jpg": {
        "CLIP_I": 0.581543,
        "DINO": 0.463743
    },
    "sample_12.jpg": {
        "CLIP_I": 0.64209,
        "DINO": 0.471099
    },
    "sample_13.jpg": {
        "CLIP_I": 0.532227,
        "DINO": 0.292241
    },
    "sample_14.jpg": {
        "CLIP_I": 0.677734,
        "DINO": 0.602166
    },
    "sample_15.jpg": {
        "CLIP_I": 0.561523,
        "DINO": 0.407095
    },
    "sample_16.jpg": {
        "CLIP_I": 0.544922,
        "DINO": 0.280173
    },
    "sample_17.jpg": {
        "CLIP_I": 0.615234,
        "DINO": 0.552045
    },
    "sample_18.jpg": {
        "CLIP_I": 0.742188,
        "DINO": 0.362123
    },
    "sample_19.jpg": {
        "CLIP_I": 0.754883,
        "DINO": 0.516721
    },
    "sample_20.jpg": {
        "CLIP_I": 0.717285,
        "DINO": 0.383714
    },
    "sample_21.jpg": {
        "CLIP_I": 0.621094,
        "DINO": 0.324279
    },
    "sample_22.jpg": {
        "CLIP_I": 0.584961,
        "DINO": 0.364086
    },
    "sample_23.jpg": {
        "CLIP_I": 0.684082,
        "DINO": 0.620687
    },
    "sample_24.jpg": {
        "CLIP_I": 0.719727,
        "DINO": 0.362484
    },
    "sample_25.jpg": {
        "CLIP_I": 0.680664,
        "DINO": 0.500173
    },
    "sample_26.jpg": {
        "CLIP_I": 0.662598,
        "DINO": 0.491833
    },
    "sample_27.jpg": {
        "CLIP_I": 0.694824,
        "DINO": 0.531696
    },
    "sample_28.jpg": {
        "CLIP_I": 0.639648,
        "DINO": 0.445782
    },
    "sample_29.jpg": {
        "CLIP_I": 0.646484,
        "DINO": 0.54392
    },
    "sample_30.jpg": {
        "CLIP_I": 0.649902,
        "DINO": 0.379617
    },
    "sample_31.jpg": {
        "CLIP_I": 0.662109,
        "DINO": 0.397015
    },
    "sample_32.jpg": {
        "CLIP_I": 0.613281,
        "DINO": 0.436516
    },
    "sample_33.jpg": {
        "CLIP_I": 0.751465,
        "DINO": 0.628674
    },
    "sample_34.jpg": {
        "CLIP_I": 0.77002,
        "DINO": 0.659891
    },
    "sample_35.jpg": {
        "CLIP_I": 0.753418,
        "DINO": 0.678133
    },
    "sample_36.jpg": {
        "CLIP_I": 0.613281,
        "DINO": 0.587225
    },
    "sample_37.jpg": {
        "CLIP_I": 0.818359,
        "DINO": 0.693799
    },
    "sample_38.jpg": {
        "CLIP_I": 0.624023,
        "DINO": 0.517582
    },
    "sample_39.jpg": {
        "CLIP_I": 0.791016,
        "DINO": 0.625058
    },
    "sample_40.jpg": {
        "CLIP_I": 0.728516,
        "DINO": 0.633531
    },
    "sample_41.jpg": {
        "CLIP_I": 0.595215,
        "DINO": 0.402953
    },
    "sample_42.jpg": {
        "CLIP_I": 0.603027,
        "DINO": 0.49004
    },
    "sample_43.jpg": {
        "CLIP_I": 0.603516,
        "DINO": 0.556515
    },
    "sample_44.jpg": {
        "CLIP_I": 0.730957,
        "DINO": 0.424577
    },
    "sample_45.jpg": {
        "CLIP_I": 0.671875,
        "DINO": 0.472186
    },
    "sample_46.jpg": {
        "CLIP_I": 0.703125,
        "DINO": 0.449017
    },
    "sample_47.jpg": {
        "CLIP_I": 0.693359,
        "DINO": 0.444389
    },
    "sample_48.jpg": {
        "CLIP_I": 0.71582,
        "DINO": 0.398042
    },
    "sample_49.jpg": {
        "CLIP_I": 0.727051,
        "DINO": 0.539942
    },
    "sample_50.jpg": {
        "CLIP_I": 0.694336,
        "DINO": 0.446631
    },
    "sample_51.jpg": {
        "CLIP_I": 0.770996,
        "DINO": 0.351349
    },
    "sample_52.jpg": {
        "CLIP_I": 0.701172,
        "DINO": 0.484421
    },
    "sample_53.jpg": {
        "CLIP_I": 0.664551,
        "DINO": 0.425633
    },
    "sample_54.jpg": {
        "CLIP_I": 0.691895,
        "DINO": 0.415664
    },
    "sample_55.jpg": {
        "CLIP_I": 0.665527,
        "DINO": 0.438921
    },
    "sample_56.jpg": {
        "CLIP_I": 0.830078,
        "DINO": 0.641159
    },
    "sample_57.jpg": {
        "CLIP_I": 0.844238,
        "DINO": 0.709318
    },
    "sample_58.jpg": {
        "CLIP_I": 0.803711,
        "DINO": 0.540214
    },
    "sample_59.jpg": {
        "CLIP_I": 0.70166,
        "DINO": 0.59034
    },
    "sample_60.jpg": {
        "CLIP_I": 0.731445,
        "DINO": 0.526837
    },
    "sample_61.jpg": {
        "CLIP_I": 0.773438,
        "DINO": 0.584122
    },
    "sample_62.jpg": {
        "CLIP_I": 0.691895,
        "DINO": 0.316023
    },
    "sample_63.jpg": {
        "CLIP_I": 0.753418,
        "DINO": 0.508917
    },
    "sample_64.jpg": {
        "CLIP_I": 0.713867,
        "DINO": 0.524656
    },
    "sample_65.jpg": {
        "CLIP_I": 0.701172,
        "DINO": 0.533561
    },
    "sample_66.jpg": {
        "CLIP_I": 0.680176,
        "DINO": 0.49193
    },
    "sample_67.jpg": {
        "CLIP_I": 0.694824,
        "DINO": 0.526237
    },
    "sample_68.jpg": {
        "CLIP_I": 0.720703,
        "DINO": 0.555887
    },
    "sample_69.jpg": {
        "CLIP_I": 0.552246,
        "DINO": 0.47363
    },
    "sample_70.jpg": {
        "CLIP_I": 0.655273,
        "DINO": 0.537282
    },
    "sample_71.jpg": {
        "CLIP_I": 0.580566,
        "DINO": 0.355836
    },
    "sample_72.jpg": {
        "CLIP_I": 0.57373,
        "DINO": 0.297226
    },
    "sample_73.jpg": {
        "CLIP_I": 0.574219,
        "DINO": 0.370321
    },
    "sample_74.jpg": {
        "CLIP_I": 0.800293,
        "DINO": 0.3101
    },
    "sample_75.jpg": {
        "CLIP_I": 0.845215,
        "DINO": 0.565503
    },
    "sample_76.jpg": {
        "CLIP_I": 0.839355,
        "DINO": 0.604446
    },
    "sample_77.jpg": {
        "CLIP_I": 0.73291,
        "DINO": 0.349297
    },
    "sample_78.jpg": {
        "CLIP_I": 0.808594,
        "DINO": 0.426667
    },
    "sample_79.jpg": {
        "CLIP_I": 0.799316,
        "DINO": 0.837221
    },
    "sample_80.jpg": {
        "CLIP_I": 0.862305,
        "DINO": 0.812696
    },
    "sample_81.jpg": {
        "CLIP_I": 0.748047,
        "DINO": 0.763076
    },
    "sample_82.jpg": {
        "CLIP_I": 0.70752,
        "DINO": 0.254002
    },
    "sample_83.jpg": {
        "CLIP_I": 0.748535,
        "DINO": 0.238306
    },
    "sample_84.jpg": {
        "CLIP_I": 0.700195,
        "DINO": 0.429145
    },
    "sample_85.jpg": {
        "CLIP_I": 0.744141,
        "DINO": 0.539007
    },
    "sample_86.jpg": {
        "CLIP_I": 0.750488,
        "DINO": 0.500728
    },
    "sample_87.jpg": {
        "CLIP_I": 0.736816,
        "DINO": 0.537325
    },
    "sample_88.jpg": {
        "CLIP_I": 0.705566,
        "DINO": 0.515311
    },
    "sample_89.jpg": {
        "CLIP_I": 0.780273,
        "DINO": 0.474609
    },
    "sample_90.jpg": {
        "CLIP_I": 0.717285,
        "DINO": 0.533586
    },
    "sample_91.jpg": {
        "CLIP_I": 0.730957,
        "DINO": 0.510949
    },
    "sample_92.jpg": {
        "CLIP_I": 0.681641,
        "DINO": 0.295817
    },
    "sample_93.jpg": {
        "CLIP_I": 0.601562,
        "DINO": 0.23474
    },
    "sample_94.jpg": {
        "CLIP_I": 0.767578,
        "DINO": 0.557882
    },
    "sample_95.jpg": {
        "CLIP_I": 0.750977,
        "DINO": 0.522839
    },
    "sample_96.jpg": {
        "CLIP_I": 0.522949,