{
    "sample_0.jpg": {
        "CLIP_I": 0.649902,
        "DINO": 0.662815
    },
    "sample_1.jpg": {
        "CLIP_I": 0.657715,
        "DINO": 0.680172
    },
    "sample_2.jpg": {
        "CLIP_I": 0.703125,
        "DINO": 0.135139
    },
    "sample_3.jpg": {
        "CLIP_I": 0.78125,
        "DINO": 0.684427
    },
    "sample_4.jpg": {
        "CLIP_I": 0.750977,
        "DINO": 0.741913
    },
    "sample_5.jpg": {
        "CLIP_I": 0.736328,
        "DINO": 0.286494
    },
    "sample_6.jpg": {
        "CLIP_I": 0.76709,
        "DINO": 0.748978
    },
    "sample_7.jpg": {
        "CLIP_I": 0.53125,
        "DINO": 0.20628
    },
    "sample_8.jpg": {
        "CLIP_I": 0.581543,
        "DINO": 0.49281
    },
    "sample_9.jpg": {
        "CLIP_I": 0.632324,
        "DINO": 0.402008
    },
    "sample_10.jpg": {
        "CLIP_I": 0.664551,
        "DINO": 0.48716
    },
    "sample_11.jpg": {
        "CLIP_I": 0.607422,
        "DINO": 0.29929
    },
    "sample_12.jpg": {
        "CLIP_I": 0.626953,
        "DINO": 0.36446
    },
    "sample_13.jpg": {
        "CLIP_I": 0.634766,
        "DINO": 0.334395
    },
    "sample_14.jpg": {
        "CLIP_I": 0.641113,
        "DINO": 0.493236
    },
    "sample_15.jpg": {
        "CLIP_I": 0.478516,
        "DINO": 0.171458
    },
    "sample_16.jpg": {
        "CLIP_I": 0.537598,
        "DINO": 0.142029
    },
    "sample_17.jpg": {
        "CLIP_I": 0.578125,
        "DINO": 0.352502
    },
    "sample_18.jpg": {
        "CLIP_I": 0.678223,
        "DINO": 0.332808
    },
    "sample_19.jpg": {
        "CLIP_I": 0.654297,
        "DINO": 0.264573
    },
    "sample_20.jpg": {
        "CLIP_I": 0.631836,
        "DINO": 0.091805
    },
    "sample_21.jpg": {
        "CLIP_I": 0.59082,
        "DINO": 0.23798
    },
    "sample_22.jpg": {
        "CLIP_I": 0.555176,
        "DINO": 0.284869
    },
    "sample_23.jpg": {
        "CLIP_I": 0.533691,
        "DINO": 0.28731
    },
    "sample_24.jpg": {
        "CLIP_I": 0.519531,
        "DINO": 0.193303
    },
    "sample_25.jpg": {
        "CLIP_I": 0.711426,
        "DINO": 0.386547
    },
    "sample_26.jpg": {
        "CLIP_I": 0.645996,
        "DINO": 0.238623
    },
    "sample_27.jpg": {
        "CLIP_I": 0.628418,
        "DINO": 0.268224
    },
    "sample_28.jpg": {
        "CLIP_I": 0.695801,
        "DINO": 0.17704
    },
    "sample_29.jpg": {
        "CLIP_I": 0.603516,
        "DINO": 0.173693
    },
    "sample_30.jpg": {
        "CLIP_I": 0.541992,
        "DINO": 0.18528
    },
    "sample_31.jpg": {
        "CLIP_I": 0.618652,
        "DINO": 0.150377
    },
    "sample_32.jpg": {
        "CLIP_I": 0.592773,
        "DINO": 0.322783
    },
    "sample_33.jpg": {
        "CLIP_I": 0.711426,
        "DINO": 0.690662
    },
    "sample_34.jpg": {
        "CLIP_I": 0.69043,
        "DINO": 0.624326
    },
    "sample_35.jpg": {
        "CLIP_I": 0.721191,
        "DINO": 0.665452
    },
    "sample_36.jpg": {
        "CLIP_I": 0.612793,
        "DINO": 0.579675
    },
    "sample_37.jpg": {
        "CLIP_I": 0.705566,
        "DINO": 0.69982
    },
    "sample_38.jpg": {
        "CLIP_I": 0.650391,
        "DINO": 0.504364
    },
    "sample_39.jpg": {
        "CLIP_I": 0.674316,
        "DINO": 0.628489
    },
    "sample_40.jpg": {
        "CLIP_I": 0.602051,
        "DINO": 0.649556
    },
    "sample_41.jpg": {
        "CLIP_I": 0.643555,
        "DINO": 0.274805
    },
    "sample_42.jpg": {
        "CLIP_I": 0.4729,
        "DINO": -0.013844
    },
    "sample_43.jpg": {
        "CLIP_I": 0.697266,
        "DINO": 0.467058
    },
    "sample_44.jpg": {
        "CLIP_I": 0.703613,
        "DINO": 0.445513
    },
    "sample_45.jpg": {
        "CLIP_I": 0.691895,
        "DINO": 0.45308
    },
    "sample_46.jpg": {
        "CLIP_I": 0.769043,
        "DINO": 0.50267
    },
    "sample_47.jpg": {
        "CLIP_I": 0.726074,
        "DINO": 0.488818
    },
    "sample_48.jpg": {
        "CLIP_I": 0.682129,
        "DINO": 0.415235
    },
    "sample_49.jpg": {
        "CLIP_I": 0.636719,
        "DINO": 0.419279
    },
    "sample_50.jpg": {
        "CLIP_I": 0.560059,
        "DINO": 0.265386
    },
    "sample_51.jpg": {
        "CLIP_I": 0.71875,
        "DINO": 0.504863
    },
    "sample_52.jpg": {
        "CLIP_I": 0.646484,
        "DINO": 0.425631
    },
    "sample_53.jpg": {
        "CLIP_I": 0.668457,
        "DINO": 0.297336
    },
    "sample_54.jpg": {
        "CLIP_I": 0.680176,
        "DINO": 0.387784
    },
    "sample_55.jpg": {
        "CLIP_I": 0.44751,
        "DINO": -0.03195
    },
    "sample_56.jpg": {
        "CLIP_I": 0.746094,
        "DINO": 0.516128
    },
    "sample_57.jpg": {
        "CLIP_I": 0.79248,
        "DINO": 0.657881
    },
    "sample_58.jpg": {
        "CLIP_I": 0.711426,
        "DINO": 0.387189
    },
    "sample_59.jpg": {
        "CLIP_I": 0.711426,
        "DINO": 0.414477
    },
    "sample_60.jpg": {
        "CLIP_I": 0.665039,
        "DINO": 0.342551
    },
    "sample_61.jpg": {
        "CLIP_I": 0.617188,
        "DINO": 0.228157
    },
    "sample_62.jpg": {
        "CLIP_I": 0.743652,
        "DINO": 0.513488
    },
    "sample_63.jpg": {
        "CLIP_I": 0.570801,
        "DINO": 0.461467
    },
    "sample_64.jpg": {
        "CLIP_I": 0.641602,
        "DINO": 0.436558
    },
    "sample_65.jpg": {
        "CLIP_I": 0.663574,
        "DINO": 0.183352
    },
    "sample_66.jpg": {
        "CLIP_I": 0.544434,
        "DINO": 0.139649
    },
    "sample_67.jpg": {
        "CLIP_I": 0.666016,
        "DINO": 0.102216
    },
    "sample_68.jpg": {
        "CLIP_I": 0.688477,
        "DINO": 0.432706
    },
    "sample_69.jpg": {
        "CLIP_I": 0.506348,
        "DINO": 0.127208
    },
    "sample_70.jpg": {
        "CLIP_I": 0.59082,
        "DINO": 0.253514
    },
    "sample_71.jpg": {
        "CLIP_I": 0.497559,
        "DINO": 0.244873
    },
    "sample_72.jpg": {
        "CLIP_I": 0.534668,
        "DINO": 0.118888
    },
    "sample_73.jpg": {
        "CLIP_I": 0.45752,
        "DINO": 0.062115
    },
    "sample_74.jpg": {
        "CLIP_I": 0.740234,
        "DINO": 0.720316
    },
    "sample_75.jpg": {
        "CLIP_I": 0.736328,
        "DINO": 0.78464
    },
    "sample_76.jpg": {
        "CLIP_I": 0.752441,
        "DINO": 0.687236
    },
    "sample_77.jpg": {
        "CLIP_I": 0.730957,
        "DINO": 0.808124
    },
    "sample_78.jpg": {
        "CLIP_I": 0.740234,
        "DINO": 0.754139
    },
    "sample_79.jpg": {
        "CLIP_I": 0.747559,
        "DINO": 0.754519
    },
    "sample_80.jpg": {
        "CLIP_I": 0.777344,
        "DINO": 0.639432
    },
    "sample_81.jpg": {
        "CLIP_I": 0.741211,
        "DINO": 0.773815
    },
    "sample_82.jpg": {
        "CLIP_I": 0.602539,
        "DINO": 0.592459
    },
    "sample_83.jpg": {
        "CLIP_I": 0.652832,
        "DINO": 0.229746
    },
    "sample_84.jpg": {
        "CLIP_I": 0.685059,
        "DINO": 0.407689
    },
    "sample_85.jpg": {
        "CLIP_I": 0.552246,
        "DINO": 0.194566
    },
    "sample_86.jpg": {
        "CLIP_I": 0.721191,
        "DINO": 0.394793
    },
    "sample_87.jpg": {
        "CLIP_I": 0.624023,
        "DINO": 0.280654
    },
    "sample_88.jpg": {
        "CLIP_I": 0.684082,
        "DINO": 0.53275
    },
    "sample_89.jpg": {
        "CLIP_I": 0.660645,
        "DINO": 0.533548
    },
    "sample_90.jpg": {
        "CLIP_I": 0.575195,
        "DINO": 0.442921
    },
    "sample_91.jpg": {
        "CLIP_I": 0.654297,
        "DINO": 0.280502
    },
    "sample_92.jpg": {
        "CLIP_I": 0.605469,
        "DINO": 0.229357
    },
    "sample_93.jpg": {
        "CLIP_I": 0.671875,
        "DINO": 0.227445
    },
    "sample_94.jpg": {
        "CLIP_I": 0.548828,
        "DINO": 0.201285
    },
    "sample_95.jpg": {
        "CLIP_I": 0.650879,
        "DINO": 0.207954
    },
    "sample_96.jpg": {
        "CLIP_I": 0.614258,