{
    "sample_0.jpg": {
        "CLIP_I": 0.710449,
        "DINO": 0.787077
    },
    "sample_1.jpg": {
        "CLIP_I": 0.704102,
        "DINO": 0.776779
    },
    "sample_2.jpg": {
        "CLIP_I": 0.67334,
        "DINO": 0.782602
    },
    "sample_3.jpg": {
        "CLIP_I": 0.682617,
        "DINO": 0.664419
    },
    "sample_4.jpg": {
        "CLIP_I": 0.689453,
        "DINO": 0.763805
    },
    "sample_5.jpg": {
        "CLIP_I": 0.709473,
        "DINO": 0.80837
    },
    "sample_6.jpg": {
        "CLIP_I": 0.73291,
        "DINO": 0.807573
    },
    "sample_7.jpg": {
        "CLIP_I": 0.524902,
        "DINO": 0.23036
    },
    "sample_8.jpg": {
        "CLIP_I": 0.696289,
        "DINO": 0.775473
    },
    "sample_9.jpg": {
        "CLIP_I": 0.679688,
        "DINO": 0.720836
    },
    "sample_10.jpg": {
        "CLIP_I": 0.610352,
        "DINO": 0.521957
    },
    "sample_11.jpg": {
        "CLIP_I": 0.400146,
        "DINO": 0.193103
    },
    "sample_12.jpg": {
        "CLIP_I": 0.535156,
        "DINO": 0.426018
    },
    "sample_13.jpg": {
        "CLIP_I": 0.51123,
        "DINO": 0.235537
    },
    "sample_14.jpg": {
        "CLIP_I": 0.581055,
        "DINO": 0.60234
    },
    "sample_15.jpg": {
        "CLIP_I": 0.538574,
        "DINO": 0.187533
    },
    "sample_16.jpg": {
        "CLIP_I": 0.42334,
        "DINO": 0.253309
    },
    "sample_17.jpg": {
        "CLIP_I": 0.436279,
        "DINO": 0.111554
    },
    "sample_18.jpg": {
        "CLIP_I": 0.707031,
        "DINO": 0.281344
    },
    "sample_19.jpg": {
        "CLIP_I": 0.691406,
        "DINO": 0.388577
    },
    "sample_20.jpg": {
        "CLIP_I": 0.597168,
        "DINO": 0.182594
    },
    "sample_21.jpg": {
        "CLIP_I": 0.61377,
        "DINO": 0.172326
    },
    "sample_22.jpg": {
        "CLIP_I": 0.635742,
        "DINO": 0.266268
    },
    "sample_23.jpg": {
        "CLIP_I": 0.599609,
        "DINO": 0.446628
    },
    "sample_24.jpg": {
        "CLIP_I": 0.538574,
        "DINO": 0.368154
    },
    "sample_25.jpg": {
        "CLIP_I": 0.689453,
        "DINO": 0.372921
    },
    "sample_26.jpg": {
        "CLIP_I": 0.648438,
        "DINO": 0.446497
    },
    "sample_27.jpg": {
        "CLIP_I": 0.653809,
        "DINO": 0.417335
    },
    "sample_28.jpg": {
        "CLIP_I": 0.62793,
        "DINO": 0.471999
    },
    "sample_29.jpg": {
        "CLIP_I": 0.639648,
        "DINO": 0.44064
    },
    "sample_30.jpg": {
        "CLIP_I": 0.633789,
        "DINO": 0.430778
    },
    "sample_31.jpg": {
        "CLIP_I": 0.549805,
        "DINO": 0.42534
    },
    "sample_32.jpg": {
        "CLIP_I": 0.655762,
        "DINO": 0.507218
    },
    "sample_33.jpg": {
        "CLIP_I": 0.709961,
        "DINO": 0.576694
    },
    "sample_34.jpg": {
        "CLIP_I": 0.748535,
        "DINO": 0.624191
    },
    "sample_35.jpg": {
        "CLIP_I": 0.769531,
        "DINO": 0.665794
    },
    "sample_36.jpg": {
        "CLIP_I": 0.4729,
        "DINO": -0.013844
    },
    "sample_37.jpg": {
        "CLIP_I": 0.765625,
        "DINO": 0.579296
    },
    "sample_38.jpg": {
        "CLIP_I": 0.625977,
        "DINO": 0.515459
    },
    "sample_39.jpg": {
        "CLIP_I": 0.741211,
        "DINO": 0.61859
    },
    "sample_40.jpg": {
        "CLIP_I": 0.76123,
        "DINO": 0.628756
    },
    "sample_41.jpg": {
        "CLIP_I": 0.59082,
        "DINO": 0.230681
    },
    "sample_42.jpg": {
        "CLIP_I": 0.668457,
        "DINO": 0.550906
    },
    "sample_43.jpg": {
        "CLIP_I": 0.612305,
        "DINO": 0.209153
    },
    "sample_44.jpg": {
        "CLIP_I": 0.770508,
        "DINO": 0.274333
    },
    "sample_45.jpg": {
        "CLIP_I": 0.641602,
        "DINO": 0.18612
    },
    "sample_46.jpg": {
        "CLIP_I": 0.760742,
        "DINO": 0.329456
    },
    "sample_47.jpg": {
        "CLIP_I": 0.675293,
        "DINO": 0.258144
    },
    "sample_48.jpg": {
        "CLIP_I": 0.790527,
        "DINO": 0.432531
    },
    "sample_49.jpg": {
        "CLIP_I": 0.583496,
        "DINO": 0.298919
    },
    "sample_50.jpg": {
        "CLIP_I": 0.614746,
        "DINO": 0.23125
    },
    "sample_51.jpg": {
        "CLIP_I": 0.699219,
        "DINO": 0.314876
    },
    "sample_52.jpg": {
        "CLIP_I": 0.763184,
        "DINO": 0.461426
    },
    "sample_53.jpg": {
        "CLIP_I": 0.759277,
        "DINO": 0.481608
    },
    "sample_54.jpg": {
        "CLIP_I": 0.734863,
        "DINO": 0.521028
    },
    "sample_55.jpg": {
        "CLIP_I": 0.554688,
        "DINO": 0.275378
    },
    "sample_56.jpg": {
        "CLIP_I": 0.787598,
        "DINO": 0.680211
    },
    "sample_57.jpg": {
        "CLIP_I": 0.740234,
        "DINO": 0.410226
    },
    "sample_58.jpg": {
        "CLIP_I": 0.858887,
        "DINO": 0.706231
    },
    "sample_59.jpg": {
        "CLIP_I": 0.823242,
        "DINO": 0.612721
    },
    "sample_60.jpg": {
        "CLIP_I": 0.827637,
        "DINO": 0.714304
    },
    "sample_61.jpg": {
        "CLIP_I": 0.819824,
        "DINO": 0.624429
    },
    "sample_62.jpg": {
        "CLIP_I": 0.853027,
        "DINO": 0.673447
    },
    "sample_63.jpg": {
        "CLIP_I": 0.788086,
        "DINO": 0.5152
    },
    "sample_64.jpg": {
        "CLIP_I": 0.712402,
        "DINO": 0.558502
    },
    "sample_65.jpg": {
        "CLIP_I": 0.617676,
        "DINO": 0.290675
    },
    "sample_66.jpg": {
        "CLIP_I": 0.603516,
        "DINO": 0.199418
    },
    "sample_67.jpg": {
        "CLIP_I": 0.70459,
        "DINO": 0.420152
    },
    "sample_68.jpg": {
        "CLIP_I": 0.72168,
        "DINO": 0.559313
    },
    "sample_69.jpg": {
        "CLIP_I": 0.599609,
        "DINO": 0.203474
    },
    "sample_70.jpg": {
        "CLIP_I": 0.712891,
        "DINO": 0.522314
    },
    "sample_71.jpg": {
        "CLIP_I": 0.704102,
        "DINO": 0.58033
    },
    "sample_72.jpg": {
        "CLIP_I": 0.51709,
        "DINO": 0.10009
    },
    "sample_73.jpg": {
        "CLIP_I": 0.656738,
        "DINO": 0.545396
    },
    "sample_74.jpg": {
        "CLIP_I": 0.628418,
        "DINO": 0.490561
    },
    "sample_75.jpg": {
        "CLIP_I": 0.737305,
        "DINO": 0.798873
    },
    "sample_76.jpg": {
        "CLIP_I": 0.746582,
        "DINO": 0.801461
    },
    "sample_77.jpg": {
        "CLIP_I": 0.655273,
        "DINO": 0.626689
    },
    "sample_78.jpg": {
        "CLIP_I": 0.681152,
        "DINO": 0.77151
    },
    "sample_79.jpg": {
        "CLIP_I": 0.685059,
        "DINO": 0.769139
    },
    "sample_80.jpg": {
        "CLIP_I": 0.666504,
        "DINO": 0.427965
    },
    "sample_81.jpg": {
        "CLIP_I": 0.72998,
        "DINO": 0.77948
    },
    "sample_82.jpg": {
        "CLIP_I": 0.640137,
        "DINO": 0.511672
    },
    "sample_83.jpg": {
        "CLIP_I": 0.631348,
        "DINO": 0.147864
    },
    "sample_84.jpg": {
        "CLIP_I": 0.552734,
        "DINO": 0.163182
    },
    "sample_85.jpg": {
        "CLIP_I": 0.524902,
        "DINO": 0.183886
    },
    "sample_86.jpg": {
        "CLIP_I": 0.642578,
        "DINO": 0.331814
    },
    "sample_87.jpg": {
        "CLIP_I": 0.630371,
        "DINO": 0.175964
    },
    "sample_88.jpg": {
        "CLIP_I": 0.643066,
        "DINO": 0.539346
    },
    "sample_89.jpg": {
        "CLIP_I": 0.714844,
        "DINO": 0.487869
    },
    "sample_90.jpg": {
        "CLIP_I": 0.699219,
        "DINO": 0.481028
    },
    "sample_91.jpg": {
        "CLIP_I": 0.629395,
        "DINO": 0.187689
    },
    "sample_92.jpg": {
        "CLIP_I": 0.608887,
        "DINO": 0.20154
    },
    "sample_93.jpg": {
        "CLIP_I": 0.648438,
        "DINO": 0.25058
    },
    "sample_94.jpg": {
        "CLIP_I": 0.609863,
        "DINO": 0.165201
    },
    "sample_95.jpg": {
        "CLIP_I": 0.636719,
        "DINO": 0.440089
    },
    "sample_96.jpg": {
        "CLIP_I": 0.562012,