{
    "sample_100081_1.jpg": {
        "LPIPS": 0.216268
    },
    "sample_100081_3.jpg": {
        "LPIPS": 0.206714
    },
    "sample_100558_1.jpg": {
        "LPIPS": 0.137946
    },
    "sample_102171_1.jpg": {
        "LPIPS": 0.413605
    },
    "sample_102625_1.jpg": {
        "LPIPS": 0.156873
    },
    "sample_102625_2.jpg": {
        "LPIPS": 0.19659
    },
    "sample_102724_1.jpg": {
        "LPIPS": 0.425186
    },
    "sample_104304_1.jpg": {
        "LPIPS": 0.182358
    },
    "sample_104304_2.jpg": {
        "LPIPS": 0.117055
    },
    "sample_104304_3.jpg": {
        "LPIPS": 0.108237
    },
    "sample_106508_1.jpg": {
        "LPIPS": 0.331188
    },
    "sample_106508_2.jpg": {
        "LPIPS": 0.16892
    },
    "sample_106772_1.jpg": {
        "LPIPS": 0.315175
    },
    "sample_106772_2.jpg": {
        "LPIPS": 0.257331
    },
    "sample_108871_1.jpg": {
        "LPIPS": 0.176198
    },
    "sample_108871_2.jpg": {
        "LPIPS": 0.268124
    },
    "sample_109776_1.jpg": {
        "LPIPS": 0.242042
    },
    "sample_11091_1.jpg": {
        "LPIPS": 0.235896
    },
    "sample_111376_1.jpg": {
        "LPIPS": 0.165404
    },
    "sample_112286_1.jpg": {
        "LPIPS": 0.323896
    },
    "sample_121612_1.jpg": {
        "LPIPS": 0.410742
    },
    "sample_122896_1.jpg": {
        "LPIPS": 0.289184
    },
    "sample_125106_1.jpg": {
        "LPIPS": 0.213574
    },
    "sample_125106_2.jpg": {
        "LPIPS": 0.264103
    },
    "sample_125106_3.jpg": {
        "LPIPS": 0.241256
    },
    "sample_129062_1.jpg": {
        "LPIPS": 0.204074
    },
    "sample_129062_2.jpg": {
        "LPIPS": 0.352097
    },
    "sample_129587_1.jpg": {
        "LPIPS": 0.235344
    },
    "sample_129587_2.jpg": {
        "LPIPS": 0.286931
    },
    "sample_129587_3.jpg": {
        "LPIPS": 0.262609
    },
    "sample_130518_1.jpg": {
        "LPIPS": 0.417074
    },
    "sample_134290_1.jpg": {
        "LPIPS": 0.528156
    },
    "sample_134290_2.jpg": {
        "LPIPS": 0.313049
    },
    "sample_134597_1.jpg": {
        "LPIPS": 0.283369
    },
    "sample_139276_1.jpg": {
        "LPIPS": 0.188826
    },
    "sample_140513_1.jpg": {
        "LPIPS": 0.405249
    },
    "sample_140513_2.jpg": {
        "LPIPS": 0.361842
    },
    "sample_142400_1.jpg": {
        "LPIPS": 0.230387
    },
    "sample_142400_2.jpg": {
        "LPIPS": 0.21569
    },
    "sample_142510_1.jpg": {
        "LPIPS": 0.134875
    },
    "sample_142510_2.jpg": {
        "LPIPS": 0.264358
    },
    "sample_142585_1.jpg": {
        "LPIPS": 0.28755
    },
    "sample_147546_1.jpg": {
        "LPIPS": 0.314573
    },
    "sample_148240_1.jpg": {
        "LPIPS": 0.148916
    },
    "sample_148240_2.jpg": {
        "LPIPS": 0.163427
    },
    "sample_150812_1.jpg": {
        "LPIPS": 0.28891
    },
    "sample_151_1.jpg": {
        "LPIPS": 0.349079
    },
    "sample_153639_2.jpg": {
        "LPIPS": 0.589307
    },
    "sample_155790_1.jpg": {
        "LPIPS": 0.237955
    },
    "sample_158548_1.jpg": {
        "LPIPS": 0.211493
    },
    "sample_158548_2.jpg": {
        "LPIPS": 0.227075
    },
    "sample_158726_1.jpg": {
        "LPIPS": 0.382965
    },
    "sample_158726_2.jpg": {
        "LPIPS": 0.443203
    },
    "sample_163114_2.jpg": {
        "LPIPS": 0.266384
    },
    "sample_17320_1.jpg": {
        "LPIPS": 0.309039
    },
    "sample_175584_1.jpg": {
        "LPIPS": 0.344716
    },
    "sample_175584_2.jpg": {
        "LPIPS": 0.22004
    },
    "sample_175584_3.jpg": {
        "LPIPS": 0.162999
    },
    "sample_177572_1.jpg": {
        "LPIPS": 0.399012
    },
    "sample_177824_1.jpg": {
        "LPIPS": 0.28945
    },
    "sample_178403_1.jpg": {
        "LPIPS": 0.295092
    },
    "sample_178403_2.jpg": {
        "LPIPS": 0.362858
    },
    "sample_178403_3.jpg": {
        "LPIPS": 0.394937
    },
    "sample_178928_1.jpg": {
        "LPIPS": 0.192071
    },
    "sample_178928_2.jpg": {
        "LPIPS": 0.170342
    },
    "sample_181699_1.jpg": {
        "LPIPS": 0.322316
    },
    "sample_181699_2.jpg": {
        "LPIPS": 0.461627
    },
    "sample_182759_3.jpg": {
        "LPIPS": 0.234113
    },
    "sample_184184_1.jpg": {
        "LPIPS": 0.130498
    },
    "sample_184184_2.jpg": {
        "LPIPS": 0.400814
    },
    "sample_184384_1.jpg": {
        "LPIPS": 0.317669
    },
    "sample_187866_1.jpg": {
        "LPIPS": 0.430033
    },
    "sample_188612_1.jpg": {
        "LPIPS": 0.230026
    },
    "sample_189893_1.jpg": {
        "LPIPS": 0.488018
    },
    "sample_190360_2.jpg": {
        "LPIPS": 0.123035
    },
    "sample_193680_1.jpg": {
        "LPIPS": 0.21745
    },
    "sample_203920_1.jpg": {
        "LPIPS": 0.447912
    },
    "sample_204837_1.jpg": {
        "LPIPS": 0.32268
    },
    "sample_204863_1.jpg": {
        "LPIPS": 0.241026
    },
    "sample_205344_1.jpg": {
        "LPIPS": 0.259529
    },
    "sample_205344_2.jpg": {
        "LPIPS": 0.249459
    },
    "sample_207833_1.jpg": {
        "LPIPS": 0.371799
    },
    "sample_211860_1.jpg": {
        "LPIPS": 0.162849
    },
    "sample_211860_2.jpg": {
        "LPIPS": 0.134589
    },
    "sample_214848_1.jpg": {
        "LPIPS": 0.333199
    },
    "sample_214848_2.jpg": {
        "LPIPS": 0.257791
    },
    "sample_215135_1.jpg": {
        "LPIPS": 0.324884
    },
    "sample_215135_2.jpg": {
        "LPIPS": 0.15948
    },
    "sample_219590_1.jpg": {
        "LPIPS": 0.406527
    },
    "sample_221222_1.jpg": {
        "LPIPS": 0.102094
    },
    "sample_221427_1.jpg": {
        "LPIPS": 0.127565
    },
    "sample_229301_1.jpg": {
        "LPIPS": 0.188362
    },
    "sample_234956_1.jpg": {
        "LPIPS": 0.2025
    },
    "sample_234956_2.jpg": {
        "LPIPS": 0.206761
    },
    "sample_234956_3.jpg": {
        "LPIPS": 0.112683
    },
    "sample_235802_1.jpg": {
        "LPIPS": 0.389349
    },
    "sample_235802_2.jpg": {
        "LPIPS": 0.409155
    },
    "sample_237569_1.jpg": {
        "LPIPS": 0.333152
    },
    "sample_237569_2.jpg": {
        "LPIPS": 0.209605
    },
    "sample_240967_1.jpg": {
        "LPIPS": 0.273805
    },
    "sample_240967_2.jpg": {
        "LPIPS": 0.205487
    },
    "sample_24585_1.jpg": {
        "LPIPS": 0.287575
    },
    "sample_24629_1.jpg": {
        "LPIPS": 0.301259
    },
    "sample_249441_1.jpg": {
        "LPIPS": 0.266191
    },
    "sample_253975_1.jpg": {
        "LPIPS": 0.320562
    },
    "sample_254387_1.jpg": {
        "LPIPS": 0.343622
    },
    "sample_256884_1.jpg": {
        "LPIPS": 0.256742
    },
    "sample_256884_2.jpg": {
        "LPIPS": 0.338274
    },
    "sample_2585_1.jpg": {
        "LPIPS": 0.209081
    },
    "sample_2585_2.jpg": {
        "LPIPS": 0.234379
    },
    "sample_259097_1.jpg": {
        "LPIPS": 0.187571
    },
    "sample_259097_2.jpg": {
        "LPIPS": 0.112496
    },
    "sample_259097_3.jpg": {
        "LPIPS": 0.322563
    },
    "sample_25989_1.jpg": {
        "LPIPS": 0.156542
    },
    "sample_25989_2.jpg": {
        "LPIPS": 0.29308
    },
    "sample_25989_3.jpg": {
        "LPIPS": 0.457789
    },
    "sample_262161_1.jpg": {
        "LPIPS": 0.591067
    },
    "sample_266961_1.jpg": {
        "LPIPS": 0.419266
    },
    "sample_267300_1.jpg": {
        "LPIPS": 0.289434
    },
    "sample_267300_2.jpg": {
        "LPIPS": 0.204982
    },
    "sample_26735_1.jpg": {
        "LPIPS": 0.347774
    },
    "sample_270186_1.jpg": {
        "LPIPS": 0.296758
    },
    "sample_270650_1.jpg": {
        "LPIPS": 0.186028
    },
    "sample_272405_1.jpg": {
        "LPIPS": 0.187619
    },
    "sample_272405_2.jpg": {
        "LPIPS": 0.266244
    },
    "sample_272405_3.jpg": {
        "LPIPS": 0.228884
    },
    "sample_273560_1.jpg": {
        "LPIPS": 0.174649
    },
    "sample_273560_2.jpg": {
        "LPIPS": 0.212942
    },
    "sample_273560_3.jpg": {
        "LPIPS": 0.249943
    },