{
    "sample_100081_1.jpg": {
        "LPIPS": 0.245739
    },
    "sample_100081_3.jpg": {
        "LPIPS": 0.16903
    },
    "sample_100558_1.jpg": {
        "LPIPS": 0.170049
    },
    "sample_102171_1.jpg": {
        "LPIPS": 0.201614
    },
    "sample_102625_1.jpg": {
        "LPIPS": 0.158006
    },
    "sample_102625_2.jpg": {
        "LPIPS": 0.137388
    },
    "sample_102724_1.jpg": {
        "LPIPS": 0.220599
    },
    "sample_104304_1.jpg": {
        "LPIPS": 0.196621
    },
    "sample_104304_2.jpg": {
        "LPIPS": 0.213617
    },
    "sample_104304_3.jpg": {
        "LPIPS": 0.193905
    },
    "sample_106508_1.jpg": {
        "LPIPS": 0.33426
    },
    "sample_106508_2.jpg": {
        "LPIPS": 0.239976
    },
    "sample_106772_1.jpg": {
        "LPIPS": 0.151409
    },
    "sample_106772_2.jpg": {
        "LPIPS": 0.13434
    },
    "sample_108871_1.jpg": {
        "LPIPS": 0.255261
    },
    "sample_108871_2.jpg": {
        "LPIPS": 0.227332
    },
    "sample_109776_1.jpg": {
        "LPIPS": 0.195292
    },
    "sample_11091_1.jpg": {
        "LPIPS": 0.146493
    },
    "sample_111376_1.jpg": {
        "LPIPS": 0.224736
    },
    "sample_112286_1.jpg": {
        "LPIPS": 0.315723
    },
    "sample_121612_1.jpg": {
        "LPIPS": 0.093758
    },
    "sample_122896_1.jpg": {
        "LPIPS": 0.352905
    },
    "sample_125106_1.jpg": {
        "LPIPS": 0.132323
    },
    "sample_125106_2.jpg": {
        "LPIPS": 0.149979
    },
    "sample_125106_3.jpg": {
        "LPIPS": 0.170265
    },
    "sample_129062_1.jpg": {
        "LPIPS": 0.147668
    },
    "sample_129062_2.jpg": {
        "LPIPS": 0.138998
    },
    "sample_129587_1.jpg": {
        "LPIPS": 0.199291
    },
    "sample_129587_2.jpg": {
        "LPIPS": 0.268477
    },
    "sample_129587_3.jpg": {
        "LPIPS": 0.26585
    },
    "sample_130518_1.jpg": {
        "LPIPS": 0.277379
    },
    "sample_134290_1.jpg": {
        "LPIPS": 0.442541
    },
    "sample_134290_2.jpg": {
        "LPIPS": 0.29985
    },
    "sample_134597_1.jpg": {
        "LPIPS": 0.242198
    },
    "sample_139276_1.jpg": {
        "LPIPS": 0.180303
    },
    "sample_140513_1.jpg": {
        "LPIPS": 0.445855
    },
    "sample_140513_2.jpg": {
        "LPIPS": 0.372882
    },
    "sample_142400_1.jpg": {
        "LPIPS": 0.273326
    },
    "sample_142400_2.jpg": {
        "LPIPS": 0.193928
    },
    "sample_142510_1.jpg": {
        "LPIPS": 0.173195
    },
    "sample_142510_2.jpg": {
        "LPIPS": 0.254085
    },
    "sample_142585_1.jpg": {
        "LPIPS": 0.221198
    },
    "sample_147546_1.jpg": {
        "LPIPS": 0.276477
    },
    "sample_148240_1.jpg": {
        "LPIPS": 0.124618
    },
    "sample_148240_2.jpg": {
        "LPIPS": 0.124822
    },
    "sample_150812_1.jpg": {
        "LPIPS": 0.285402
    },
    "sample_151_1.jpg": {
        "LPIPS": 0.209684
    },
    "sample_153639_2.jpg": {
        "LPIPS": 0.534162
    },
    "sample_155790_1.jpg": {
        "LPIPS": 0.214727
    },
    "sample_158548_1.jpg": {
        "LPIPS": 0.199715
    },
    "sample_158548_2.jpg": {
        "LPIPS": 0.186365
    },
    "sample_158726_1.jpg": {
        "LPIPS": 0.214077
    },
    "sample_158726_2.jpg": {
        "LPIPS": 0.350893
    },
    "sample_163114_2.jpg": {
        "LPIPS": 0.22882
    },
    "sample_17320_1.jpg": {
        "LPIPS": 0.249396
    },
    "sample_175584_1.jpg": {
        "LPIPS": 0.277364
    },
    "sample_175584_2.jpg": {
        "LPIPS": 0.299158
    },
    "sample_175584_3.jpg": {
        "LPIPS": 0.287832
    },
    "sample_177572_1.jpg": {
        "LPIPS": 0.129582
    },
    "sample_177824_1.jpg": {
        "LPIPS": 0.238178
    },
    "sample_178403_1.jpg": {
        "LPIPS": 0.128857
    },
    "sample_178403_2.jpg": {
        "LPIPS": 0.251465
    },
    "sample_178403_3.jpg": {
        "LPIPS": 0.169689
    },
    "sample_178928_1.jpg": {
        "LPIPS": 0.191674
    },
    "sample_178928_2.jpg": {
        "LPIPS": 0.207301
    },
    "sample_181699_1.jpg": {
        "LPIPS": 0.314135
    },
    "sample_181699_2.jpg": {
        "LPIPS": 0.297112
    },
    "sample_182759_3.jpg": {
        "LPIPS": 0.200084
    },
    "sample_184184_1.jpg": {
        "LPIPS": 0.240034
    },
    "sample_184184_2.jpg": {
        "LPIPS": 0.389526
    },
    "sample_184384_1.jpg": {
        "LPIPS": 0.217805
    },
    "sample_187866_1.jpg": {
        "LPIPS": 0.319701
    },
    "sample_188612_1.jpg": {
        "LPIPS": 0.269117
    },
    "sample_189893_1.jpg": {
        "LPIPS": 0.123191
    },
    "sample_190360_2.jpg": {
        "LPIPS": 0.212338
    },
    "sample_193680_1.jpg": {
        "LPIPS": 0.240461
    },
    "sample_203920_1.jpg": {
        "LPIPS": 0.386007
    },
    "sample_204837_1.jpg": {
        "LPIPS": 0.193874
    },
    "sample_204863_1.jpg": {
        "LPIPS": 0.16977
    },
    "sample_205344_1.jpg": {
        "LPIPS": 0.188434
    },
    "sample_205344_2.jpg": {
        "LPIPS": 0.169059
    },
    "sample_207833_1.jpg": {
        "LPIPS": 0.261191
    },
    "sample_211860_1.jpg": {
        "LPIPS": 0.169143
    },
    "sample_211860_2.jpg": {
        "LPIPS": 0.189202
    },
    "sample_214848_1.jpg": {
        "LPIPS": 0.18515
    },
    "sample_214848_2.jpg": {
        "LPIPS": 0.206234
    },
    "sample_215135_1.jpg": {
        "LPIPS": 0.154753
    },
    "sample_215135_2.jpg": {
        "LPIPS": 0.148432
    },
    "sample_219590_1.jpg": {
        "LPIPS": 0.281905
    },
    "sample_221222_1.jpg": {
        "LPIPS": 0.19286
    },
    "sample_221427_1.jpg": {
        "LPIPS": 0.097908
    },
    "sample_229301_1.jpg": {
        "LPIPS": 0.197052
    },
    "sample_234956_1.jpg": {
        "LPIPS": 0.134411
    },
    "sample_234956_2.jpg": {
        "LPIPS": 0.19763
    },
    "sample_234956_3.jpg": {
        "LPIPS": 0.096487
    },
    "sample_235802_1.jpg": {
        "LPIPS": 0.323866
    },
    "sample_235802_2.jpg": {
        "LPIPS": 0.423301
    },
    "sample_237569_1.jpg": {
        "LPIPS": 0.181055
    },
    "sample_237569_2.jpg": {
        "LPIPS": 0.218577
    },
    "sample_240967_1.jpg": {
        "LPIPS": 0.188766
    },
    "sample_240967_2.jpg": {
        "LPIPS": 0.172939
    },
    "sample_24585_1.jpg": {
        "LPIPS": 0.15747
    },
    "sample_24629_1.jpg": {
        "LPIPS": 0.247026
    },
    "sample_249441_1.jpg": {
        "LPIPS": 0.247925
    },
    "sample_253975_1.jpg": {
        "LPIPS": 0.291284
    },
    "sample_254387_1.jpg": {
        "LPIPS": 0.108928
    },
    "sample_256884_1.jpg": {
        "LPIPS": 0.155536
    },
    "sample_256884_2.jpg": {
        "LPIPS": 0.114017
    },
    "sample_2585_1.jpg": {
        "LPIPS": 0.131501
    },
    "sample_2585_2.jpg": {
        "LPIPS": 0.221727
    },
    "sample_259097_1.jpg": {
        "LPIPS": 0.168349
    },
    "sample_259097_2.jpg": {
        "LPIPS": 0.166557
    },
    "sample_259097_3.jpg": {
        "LPIPS": 0.33276
    },
    "sample_25989_1.jpg": {
        "LPIPS": 0.156188
    },
    "sample_25989_2.jpg": {
        "LPIPS": 0.139353
    },
    "sample_25989_3.jpg": {
        "LPIPS": 0.192617
    },
    "sample_262161_1.jpg": {
        "LPIPS": 0.572938
    },
    "sample_266961_1.jpg": {
        "LPIPS": 0.391423
    },
    "sample_267300_1.jpg": {
        "LPIPS": 0.160914
    },
    "sample_267300_2.jpg": {
        "LPIPS": 0.143782
    },
    "sample_26735_1.jpg": {
        "LPIPS": 0.222336
    },
    "sample_270186_1.jpg": {
        "LPIPS": 0.256898
    },
    "sample_270650_1.jpg": {
        "LPIPS": 0.241744
    },
    "sample_272405_1.jpg": {
        "LPIPS": 0.153797
    },
    "sample_272405_2.jpg": {
        "LPIPS": 0.312002
    },
    "sample_272405_3.jpg": {
        "LPIPS": 0.298591
    },
    "sample_273560_1.jpg": {
        "LPIPS": 0.15454
    },
    "sample_273560_2.jpg": {
        "LPIPS": 0.111958
    },
    "sample_273560_3.jpg": {
        "LPIPS": 0.132625
    },