{
    "sample_100081_1.jpg": {
        "LPIPS": 0.20771
    },
    "sample_100081_3.jpg": {
        "LPIPS": 0.13539
    },
    "sample_100558_1.jpg": {
        "LPIPS": 0.473557
    },
    "sample_102171_1.jpg": {
        "LPIPS": 0.60013
    },
    "sample_102625_1.jpg": {
        "LPIPS": 0.351856
    },
    "sample_102625_2.jpg": {
        "LPIPS": 0.174858
    },
    "sample_102724_1.jpg": {
        "LPIPS": 0.279976
    },
    "sample_104304_1.jpg": {
        "LPIPS": 0.06886
    },
    "sample_104304_2.jpg": {
        "LPIPS": 0.084659
    },
    "sample_104304_3.jpg": {
        "LPIPS": 0.056543
    },
    "sample_106508_1.jpg": {
        "LPIPS": 0.428869
    },
    "sample_106508_2.jpg": {
        "LPIPS": 0.114771
    },
    "sample_106772_1.jpg": {
        "LPIPS": 0.104188
    },
    "sample_106772_2.jpg": {
        "LPIPS": 0.087187
    },
    "sample_108871_1.jpg": {
        "LPIPS": 0.319461
    },
    "sample_108871_2.jpg": {
        "LPIPS": 0.779586
    },
    "sample_109776_1.jpg": {
        "LPIPS": 0.772333
    },
    "sample_11091_1.jpg": {
        "LPIPS": 0.532505
    },
    "sample_111376_1.jpg": {
        "LPIPS": 0.122121
    },
    "sample_112286_1.jpg": {
        "LPIPS": 0.401818
    },
    "sample_121612_1.jpg": {
        "LPIPS": 0.55859
    },
    "sample_122896_1.jpg": {
        "LPIPS": 0.756493
    },
    "sample_125106_1.jpg": {
        "LPIPS": 0.577089
    },
    "sample_125106_2.jpg": {
        "LPIPS": 0.135123
    },
    "sample_125106_3.jpg": {
        "LPIPS": 0.115269
    },
    "sample_129062_1.jpg": {
        "LPIPS": 0.137229
    },
    "sample_129062_2.jpg": {
        "LPIPS": 0.5776
    },
    "sample_129587_1.jpg": {
        "LPIPS": 0.481245
    },
    "sample_129587_2.jpg": {
        "LPIPS": 0.384246
    },
    "sample_129587_3.jpg": {
        "LPIPS": 0.586493
    },
    "sample_130518_1.jpg": {
        "LPIPS": 0.313682
    },
    "sample_134290_1.jpg": {
        "LPIPS": 0.448511
    },
    "sample_134290_2.jpg": {
        "LPIPS": 0.506989
    },
    "sample_134597_1.jpg": {
        "LPIPS": 0.158735
    },
    "sample_139276_1.jpg": {
        "LPIPS": 0.113135
    },
    "sample_140513_1.jpg": {
        "LPIPS": 0.35757
    },
    "sample_140513_2.jpg": {
        "LPIPS": 0.432915
    },
    "sample_142400_1.jpg": {
        "LPIPS": 0.456488
    },
    "sample_142400_2.jpg": {
        "LPIPS": 0.48978
    },
    "sample_142510_1.jpg": {
        "LPIPS": 0.139748
    },
    "sample_142510_2.jpg": {
        "LPIPS": 0.526095
    },
    "sample_142585_1.jpg": {
        "LPIPS": 0.228912
    },
    "sample_147546_1.jpg": {
        "LPIPS": 0.292092
    },
    "sample_148240_1.jpg": {
        "LPIPS": 0.118396
    },
    "sample_148240_2.jpg": {
        "LPIPS": 0.391681
    },
    "sample_150812_1.jpg": {
        "LPIPS": 0.234436
    },
    "sample_151_1.jpg": {
        "LPIPS": 0.374011
    },
    "sample_153639_2.jpg": {
        "LPIPS": 0.592925
    },
    "sample_155790_1.jpg": {
        "LPIPS": 0.296474
    },
    "sample_158548_1.jpg": {
        "LPIPS": 0.169546
    },
    "sample_158548_2.jpg": {
        "LPIPS": 0.133232
    },
    "sample_158726_1.jpg": {
        "LPIPS": 0.731693
    },
    "sample_158726_2.jpg": {
        "LPIPS": 0.491759
    },
    "sample_163114_2.jpg": {
        "LPIPS": 0.180988
    },
    "sample_17320_1.jpg": {
        "LPIPS": 0.319179
    },
    "sample_175584_1.jpg": {
        "LPIPS": 0.547816
    },
    "sample_175584_2.jpg": {
        "LPIPS": 0.196963
    },
    "sample_175584_3.jpg": {
        "LPIPS": 0.120555
    },
    "sample_177572_1.jpg": {
        "LPIPS": 0.141436
    },
    "sample_177824_1.jpg": {
        "LPIPS": 0.254226
    },
    "sample_178403_1.jpg": {
        "LPIPS": 0.244722
    },
    "sample_178403_2.jpg": {
        "LPIPS": 0.168058
    },
    "sample_178403_3.jpg": {
        "LPIPS": 0.178622
    },
    "sample_178928_1.jpg": {
        "LPIPS": 0.531178
    },
    "sample_178928_2.jpg": {
        "LPIPS": 0.205636
    },
    "sample_181699_1.jpg": {
        "LPIPS": 0.265692
    },
    "sample_181699_2.jpg": {
        "LPIPS": 0.563301
    },
    "sample_182759_3.jpg": {
        "LPIPS": 0.135687
    },
    "sample_184184_1.jpg": {
        "LPIPS": 0.281791
    },
    "sample_184184_2.jpg": {
        "LPIPS": 0.478152
    },
    "sample_184384_1.jpg": {
        "LPIPS": 0.350856
    },
    "sample_187866_1.jpg": {
        "LPIPS": 0.28237
    },
    "sample_188612_1.jpg": {
        "LPIPS": 0.104907
    },
    "sample_189893_1.jpg": {
        "LPIPS": 0.373553
    },
    "sample_190360_2.jpg": {
        "LPIPS": 0.53052
    },
    "sample_193680_1.jpg": {
        "LPIPS": 0.218535
    },
    "sample_203920_1.jpg": {
        "LPIPS": 0.34033
    },
    "sample_204837_1.jpg": {
        "LPIPS": 0.256022
    },
    "sample_204863_1.jpg": {
        "LPIPS": 0.168497
    },
    "sample_205344_1.jpg": {
        "LPIPS": 0.10261
    },
    "sample_205344_2.jpg": {
        "LPIPS": 0.063952
    },
    "sample_207833_1.jpg": {
        "LPIPS": 0.19262
    },
    "sample_211860_1.jpg": {
        "LPIPS": 0.175775
    },
    "sample_211860_2.jpg": {
        "LPIPS": 0.099435
    },
    "sample_214848_1.jpg": {
        "LPIPS": 0.300518
    },
    "sample_214848_2.jpg": {
        "LPIPS": 0.133085
    },
    "sample_215135_1.jpg": {
        "LPIPS": 0.562886
    },
    "sample_215135_2.jpg": {
        "LPIPS": 0.479153
    },
    "sample_219590_1.jpg": {
        "LPIPS": 0.429771
    },
    "sample_221222_1.jpg": {
        "LPIPS": 0.099201
    },
    "sample_221427_1.jpg": {
        "LPIPS": 0.091655
    },
    "sample_229301_1.jpg": {
        "LPIPS": 0.140031
    },
    "sample_234956_1.jpg": {
        "LPIPS": 0.143387
    },
    "sample_234956_2.jpg": {
        "LPIPS": 0.378459
    },
    "sample_234956_3.jpg": {
        "LPIPS": 0.083139
    },
    "sample_235802_1.jpg": {
        "LPIPS": 0.322592
    },
    "sample_235802_2.jpg": {
        "LPIPS": 0.487863
    },
    "sample_237569_1.jpg": {
        "LPIPS": 0.454978
    },
    "sample_237569_2.jpg": {
        "LPIPS": 0.463939
    },
    "sample_240967_1.jpg": {
        "LPIPS": 0.215304
    },
    "sample_240967_2.jpg": {
        "LPIPS": 0.164475
    },
    "sample_24585_1.jpg": {
        "LPIPS": 0.124926
    },
    "sample_24629_1.jpg": {
        "LPIPS": 0.164657
    },
    "sample_249441_1.jpg": {
        "LPIPS": 0.317322
    },
    "sample_253975_1.jpg": {
        "LPIPS": 0.180199
    },
    "sample_254387_1.jpg": {
        "LPIPS": 0.078248
    },
    "sample_256884_1.jpg": {
        "LPIPS": 0.137112
    },
    "sample_256884_2.jpg": {
        "LPIPS": 0.113701
    },
    "sample_2585_1.jpg": {
        "LPIPS": 0.059595
    },
    "sample_2585_2.jpg": {
        "LPIPS": 0.152342
    },
    "sample_259097_1.jpg": {
        "LPIPS": 0.146045
    },
    "sample_259097_2.jpg": {
        "LPIPS": 0.550123
    },
    "sample_259097_3.jpg": {
        "LPIPS": 0.472303
    },
    "sample_25989_1.jpg": {
        "LPIPS": 0.363479
    },
    "sample_25989_2.jpg": {
        "LPIPS": 0.313213
    },
    "sample_25989_3.jpg": {
        "LPIPS": 0.679706
    },
    "sample_262161_1.jpg": {
        "LPIPS": 0.579591
    },
    "sample_266961_1.jpg": {
        "LPIPS": 0.587001
    },
    "sample_267300_1.jpg": {
        "LPIPS": 0.128004
    },
    "sample_267300_2.jpg": {
        "LPIPS": 0.063518
    },
    "sample_26735_1.jpg": {
        "LPIPS": 0.315414
    },
    "sample_270186_1.jpg": {
        "LPIPS": 0.728647
    },
    "sample_270650_1.jpg": {
        "LPIPS": 0.610383
    },
    "sample_272405_1.jpg": {
        "LPIPS": 0.247019
    },
    "sample_272405_2.jpg": {
        "LPIPS": 0.184601
    },
    "sample_272405_3.jpg": {
        "LPIPS": 0.136399
    },
    "sample_273560_1.jpg": {
        "LPIPS": 0.322539
    },
    "sample_273560_2.jpg": {
        "LPIPS": 0.764925
    },
    "sample_273560_3.jpg": {
        "LPIPS": 0.231435
    },