{
    "sample_100081_1.jpg": {
        "LPIPS": 0.105086
    },
    "sample_100081_3.jpg": {
        "LPIPS": 0.119302
    },
    "sample_100558_1.jpg": {
        "LPIPS": 0.10199
    },
    "sample_102171_1.jpg": {
        "LPIPS": 0.228558
    },
    "sample_102625_1.jpg": {
        "LPIPS": 0.709609
    },
    "sample_102625_2.jpg": {
        "LPIPS": 0.141249
    },
    "sample_102724_1.jpg": {
        "LPIPS": 0.343401
    },
    "sample_104304_1.jpg": {
        "LPIPS": 0.065938
    },
    "sample_104304_2.jpg": {
        "LPIPS": 0.095744
    },
    "sample_104304_3.jpg": {
        "LPIPS": 0.070129
    },
    "sample_106508_1.jpg": {
        "LPIPS": 0.348034
    },
    "sample_106508_2.jpg": {
        "LPIPS": 0.141583
    },
    "sample_106772_1.jpg": {
        "LPIPS": 0.140265
    },
    "sample_106772_2.jpg": {
        "LPIPS": 0.146417
    },
    "sample_108871_1.jpg": {
        "LPIPS": 0.156833
    },
    "sample_108871_2.jpg": {
        "LPIPS": 0.614914
    },
    "sample_109776_1.jpg": {
        "LPIPS": 0.333739
    },
    "sample_11091_1.jpg": {
        "LPIPS": 0.102461
    },
    "sample_111376_1.jpg": {
        "LPIPS": 0.157295
    },
    "sample_112286_1.jpg": {
        "LPIPS": 0.28556
    },
    "sample_121612_1.jpg": {
        "LPIPS": 0.067943
    },
    "sample_122896_1.jpg": {
        "LPIPS": 0.247892
    },
    "sample_125106_1.jpg": {
        "LPIPS": 0.17083
    },
    "sample_125106_2.jpg": {
        "LPIPS": 0.086567
    },
    "sample_125106_3.jpg": {
        "LPIPS": 0.095651
    },
    "sample_129062_1.jpg": {
        "LPIPS": 0.123851
    },
    "sample_129062_2.jpg": {
        "LPIPS": 0.149505
    },
    "sample_129587_1.jpg": {
        "LPIPS": 0.197111
    },
    "sample_129587_2.jpg": {
        "LPIPS": 0.388967
    },
    "sample_129587_3.jpg": {
        "LPIPS": 0.39309
    },
    "sample_130518_1.jpg": {
        "LPIPS": 0.244393
    },
    "sample_134290_1.jpg": {
        "LPIPS": 0.440379
    },
    "sample_134290_2.jpg": {
        "LPIPS": 0.26919
    },
    "sample_134597_1.jpg": {
        "LPIPS": 0.157947
    },
    "sample_139276_1.jpg": {
        "LPIPS": 0.103287
    },
    "sample_140513_1.jpg": {
        "LPIPS": 0.602284
    },
    "sample_140513_2.jpg": {
        "LPIPS": 0.500142
    },
    "sample_142400_1.jpg": {
        "LPIPS": 0.390784
    },
    "sample_142400_2.jpg": {
        "LPIPS": 0.158701
    },
    "sample_142510_1.jpg": {
        "LPIPS": 0.105591
    },
    "sample_142510_2.jpg": {
        "LPIPS": 0.224103
    },
    "sample_142585_1.jpg": {
        "LPIPS": 0.169733
    },
    "sample_147546_1.jpg": {
        "LPIPS": 0.289123
    },
    "sample_148240_1.jpg": {
        "LPIPS": 0.131904
    },
    "sample_148240_2.jpg": {
        "LPIPS": 0.197118
    },
    "sample_150812_1.jpg": {
        "LPIPS": 0.238972
    },
    "sample_151_1.jpg": {
        "LPIPS": 0.198907
    },
    "sample_153639_2.jpg": {
        "LPIPS": 0.652923
    },
    "sample_155790_1.jpg": {
        "LPIPS": 0.181284
    },
    "sample_158548_1.jpg": {
        "LPIPS": 0.127786
    },
    "sample_158548_2.jpg": {
        "LPIPS": 0.157951
    },
    "sample_158726_1.jpg": {
        "LPIPS": 0.252702
    },
    "sample_158726_2.jpg": {
        "LPIPS": 0.337731
    },
    "sample_163114_2.jpg": {
        "LPIPS": 0.370401
    },
    "sample_17320_1.jpg": {
        "LPIPS": 0.182563
    },
    "sample_175584_1.jpg": {
        "LPIPS": 0.198191
    },
    "sample_175584_2.jpg": {
        "LPIPS": 0.258523
    },
    "sample_175584_3.jpg": {
        "LPIPS": 0.202158
    },
    "sample_177572_1.jpg": {
        "LPIPS": 0.101941
    },
    "sample_177824_1.jpg": {
        "LPIPS": 0.343562
    },
    "sample_178403_1.jpg": {
        "LPIPS": 0.10915
    },
    "sample_178403_2.jpg": {
        "LPIPS": 0.169845
    },
    "sample_178403_3.jpg": {
        "LPIPS": 0.166417
    },
    "sample_178928_1.jpg": {
        "LPIPS": 0.330501
    },
    "sample_178928_2.jpg": {
        "LPIPS": 0.121612
    },
    "sample_181699_1.jpg": {
        "LPIPS": 0.286666
    },
    "sample_181699_2.jpg": {
        "LPIPS": 0.233284
    },
    "sample_182759_3.jpg": {
        "LPIPS": 0.141353
    },
    "sample_184184_1.jpg": {
        "LPIPS": 0.124681
    },
    "sample_184184_2.jpg": {
        "LPIPS": 0.204893
    },
    "sample_184384_1.jpg": {
        "LPIPS": 0.126805
    },
    "sample_187866_1.jpg": {
        "LPIPS": 0.349853
    },
    "sample_188612_1.jpg": {
        "LPIPS": 0.094909
    },
    "sample_189893_1.jpg": {
        "LPIPS": 0.16138
    },
    "sample_190360_2.jpg": {
        "LPIPS": 0.181224
    },
    "sample_193680_1.jpg": {
        "LPIPS": 0.265862
    },
    "sample_203920_1.jpg": {
        "LPIPS": 0.316049
    },
    "sample_204837_1.jpg": {
        "LPIPS": 0.136339
    },
    "sample_204863_1.jpg": {
        "LPIPS": 0.183872
    },
    "sample_205344_1.jpg": {
        "LPIPS": 0.09197
    },
    "sample_205344_2.jpg": {
        "LPIPS": 0.074129
    },
    "sample_207833_1.jpg": {
        "LPIPS": 0.244907
    },
    "sample_211860_1.jpg": {
        "LPIPS": 0.108888
    },
    "sample_211860_2.jpg": {
        "LPIPS": 0.085133
    },
    "sample_214848_1.jpg": {
        "LPIPS": 0.444352
    },
    "sample_214848_2.jpg": {
        "LPIPS": 0.10576
    },
    "sample_215135_1.jpg": {
        "LPIPS": 0.117513
    },
    "sample_215135_2.jpg": {
        "LPIPS": 0.215452
    },
    "sample_219590_1.jpg": {
        "LPIPS": 0.20236
    },
    "sample_221222_1.jpg": {
        "LPIPS": 0.088633
    },
    "sample_221427_1.jpg": {
        "LPIPS": 0.091392
    },
    "sample_229301_1.jpg": {
        "LPIPS": 0.122046
    },
    "sample_234956_1.jpg": {
        "LPIPS": 0.152949
    },
    "sample_234956_2.jpg": {
        "LPIPS": 0.212573
    },
    "sample_234956_3.jpg": {
        "LPIPS": 0.087197
    },
    "sample_235802_1.jpg": {
        "LPIPS": 0.316596
    },
    "sample_235802_2.jpg": {
        "LPIPS": 0.480585
    },
    "sample_237569_1.jpg": {
        "LPIPS": 0.102568
    },
    "sample_237569_2.jpg": {
        "LPIPS": 0.189774
    },
    "sample_240967_1.jpg": {
        "LPIPS": 0.554281
    },
    "sample_240967_2.jpg": {
        "LPIPS": 0.330476
    },
    "sample_24585_1.jpg": {
        "LPIPS": 0.13995
    },
    "sample_24629_1.jpg": {
        "LPIPS": 0.226405
    },
    "sample_249441_1.jpg": {
        "LPIPS": 0.23809
    },
    "sample_253975_1.jpg": {
        "LPIPS": 0.244702
    },
    "sample_254387_1.jpg": {
        "LPIPS": 0.089599
    },
    "sample_256884_1.jpg": {
        "LPIPS": 0.116629
    },
    "sample_256884_2.jpg": {
        "LPIPS": 0.094735
    },
    "sample_2585_1.jpg": {
        "LPIPS": 0.058314
    },
    "sample_2585_2.jpg": {
        "LPIPS": 0.187934
    },
    "sample_259097_1.jpg": {
        "LPIPS": 0.091489
    },
    "sample_259097_2.jpg": {
        "LPIPS": 0.080445
    },
    "sample_259097_3.jpg": {
        "LPIPS": 0.302459
    },
    "sample_25989_1.jpg": {
        "LPIPS": 0.114188
    },
    "sample_25989_2.jpg": {
        "LPIPS": 0.112431
    },
    "sample_25989_3.jpg": {
        "LPIPS": 0.49755
    },
    "sample_262161_1.jpg": {
        "LPIPS": 0.628975
    },
    "sample_266961_1.jpg": {
        "LPIPS": 0.36248
    },
    "sample_267300_1.jpg": {
        "LPIPS": 0.125528
    },
    "sample_267300_2.jpg": {
        "LPIPS": 0.076089
    },
    "sample_26735_1.jpg": {
        "LPIPS": 0.348355
    },
    "sample_270186_1.jpg": {
        "LPIPS": 0.127047
    },
    "sample_270650_1.jpg": {
        "LPIPS": 0.203018
    },
    "sample_272405_1.jpg": {
        "LPIPS": 0.169851
    },
    "sample_272405_2.jpg": {
        "LPIPS": 0.157181
    },
    "sample_272405_3.jpg": {
        "LPIPS": 0.165871
    },
    "sample_273560_1.jpg": {
        "LPIPS": 0.215188
    },
    "sample_273560_2.jpg": {
        "LPIPS": 0.107316
    },
    "sample_273560_3.jpg": {
        "LPIPS": 0.102839
    },