{
    "sample_100081_1.jpg": {
        "LPIPS": 0.249872
    },
    "sample_100081_3.jpg": {
        "LPIPS": 0.280939
    },
    "sample_100558_1.jpg": {
        "LPIPS": 0.271178
    },
    "sample_102171_1.jpg": {
        "LPIPS": 0.458461
    },
    "sample_102625_1.jpg": {
        "LPIPS": 0.463538
    },
    "sample_102625_2.jpg": {
        "LPIPS": 0.442696
    },
    "sample_102724_1.jpg": {
        "LPIPS": 0.586254
    },
    "sample_104304_1.jpg": {
        "LPIPS": 0.29314
    },
    "sample_104304_2.jpg": {
        "LPIPS": 0.335541
    },
    "sample_104304_3.jpg": {
        "LPIPS": 0.33882
    },
    "sample_106508_1.jpg": {
        "LPIPS": 0.411545
    },
    "sample_106508_2.jpg": {
        "LPIPS": 0.379327
    },
    "sample_106772_1.jpg": {
        "LPIPS": 0.609712
    },
    "sample_106772_2.jpg": {
        "LPIPS": 0.408175
    },
    "sample_108871_1.jpg": {
        "LPIPS": 0.364095
    },
    "sample_108871_2.jpg": {
        "LPIPS": 0.40023
    },
    "sample_109776_1.jpg": {
        "LPIPS": 0.404495
    },
    "sample_11091_1.jpg": {
        "LPIPS": 0.298489
    },
    "sample_111376_1.jpg": {
        "LPIPS": 0.430465
    },
    "sample_112286_1.jpg": {
        "LPIPS": 0.379946
    },
    "sample_121612_1.jpg": {
        "LPIPS": 0.603568
    },
    "sample_122896_1.jpg": {
        "LPIPS": 0.46677
    },
    "sample_125106_1.jpg": {
        "LPIPS": 0.22963
    },
    "sample_125106_2.jpg": {
        "LPIPS": 0.338378
    },
    "sample_125106_3.jpg": {
        "LPIPS": 0.475914
    },
    "sample_129062_1.jpg": {
        "LPIPS": 0.392426
    },
    "sample_129062_2.jpg": {
        "LPIPS": 0.489944
    },
    "sample_129587_1.jpg": {
        "LPIPS": 0.372825
    },
    "sample_129587_2.jpg": {
        "LPIPS": 0.420637
    },
    "sample_129587_3.jpg": {
        "LPIPS": 0.487208
    },
    "sample_130518_1.jpg": {
        "LPIPS": 0.52721
    },
    "sample_134290_1.jpg": {
        "LPIPS": 0.552219
    },
    "sample_134290_2.jpg": {
        "LPIPS": 0.407509
    },
    "sample_134597_1.jpg": {
        "LPIPS": 0.225428
    },
    "sample_139276_1.jpg": {
        "LPIPS": 0.15661
    },
    "sample_140513_1.jpg": {
        "LPIPS": 0.566102
    },
    "sample_140513_2.jpg": {
        "LPIPS": 0.542681
    },
    "sample_142400_1.jpg": {
        "LPIPS": 0.486117
    },
    "sample_142400_2.jpg": {
        "LPIPS": 0.290965
    },
    "sample_142510_1.jpg": {
        "LPIPS": 0.244329
    },
    "sample_142510_2.jpg": {
        "LPIPS": 0.305568
    },
    "sample_142585_1.jpg": {
        "LPIPS": 0.492626
    },
    "sample_147546_1.jpg": {
        "LPIPS": 0.45305
    },
    "sample_148240_1.jpg": {
        "LPIPS": 0.282116
    },
    "sample_148240_2.jpg": {
        "LPIPS": 0.376374
    },
    "sample_150812_1.jpg": {
        "LPIPS": 0.47041
    },
    "sample_151_1.jpg": {
        "LPIPS": 0.430379
    },
    "sample_153639_2.jpg": {
        "LPIPS": 0.636431
    },
    "sample_155790_1.jpg": {
        "LPIPS": 0.462141
    },
    "sample_158548_1.jpg": {
        "LPIPS": 0.331998
    },
    "sample_158548_2.jpg": {
        "LPIPS": 0.452027
    },
    "sample_158726_1.jpg": {
        "LPIPS": 0.391272
    },
    "sample_158726_2.jpg": {
        "LPIPS": 0.498113
    },
    "sample_163114_2.jpg": {
        "LPIPS": 0.372583
    },
    "sample_17320_1.jpg": {
        "LPIPS": 0.295491
    },
    "sample_175584_1.jpg": {
        "LPIPS": 0.463514
    },
    "sample_175584_2.jpg": {
        "LPIPS": 0.43674
    },
    "sample_175584_3.jpg": {
        "LPIPS": 0.281203
    },
    "sample_177572_1.jpg": {
        "LPIPS": 0.556872
    },
    "sample_177824_1.jpg": {
        "LPIPS": 0.398987
    },
    "sample_178403_1.jpg": {
        "LPIPS": 0.35471
    },
    "sample_178403_2.jpg": {
        "LPIPS": 0.436292
    },
    "sample_178403_3.jpg": {
        "LPIPS": 0.450299
    },
    "sample_178928_1.jpg": {
        "LPIPS": 0.222953
    },
    "sample_178928_2.jpg": {
        "LPIPS": 0.216923
    },
    "sample_181699_1.jpg": {
        "LPIPS": 0.497988
    },
    "sample_181699_2.jpg": {
        "LPIPS": 0.5654
    },
    "sample_182759_3.jpg": {
        "LPIPS": 0.361132
    },
    "sample_184184_1.jpg": {
        "LPIPS": 0.219817
    },
    "sample_184184_2.jpg": {
        "LPIPS": 0.499669
    },
    "sample_184384_1.jpg": {
        "LPIPS": 0.483508
    },
    "sample_187866_1.jpg": {
        "LPIPS": 0.584198
    },
    "sample_188612_1.jpg": {
        "LPIPS": 0.255604
    },
    "sample_189893_1.jpg": {
        "LPIPS": 0.624127
    },
    "sample_190360_2.jpg": {
        "LPIPS": 0.24013
    },
    "sample_193680_1.jpg": {
        "LPIPS": 0.362989
    },
    "sample_203920_1.jpg": {
        "LPIPS": 0.474033
    },
    "sample_204837_1.jpg": {
        "LPIPS": 0.576964
    },
    "sample_204863_1.jpg": {
        "LPIPS": 0.347497
    },
    "sample_205344_1.jpg": {
        "LPIPS": 0.315541
    },
    "sample_205344_2.jpg": {
        "LPIPS": 0.283565
    },
    "sample_207833_1.jpg": {
        "LPIPS": 0.471279
    },
    "sample_211860_1.jpg": {
        "LPIPS": 0.466753
    },
    "sample_211860_2.jpg": {
        "LPIPS": 0.18167
    },
    "sample_214848_1.jpg": {
        "LPIPS": 0.313813
    },
    "sample_214848_2.jpg": {
        "LPIPS": 0.478053
    },
    "sample_215135_1.jpg": {
        "LPIPS": 0.250959
    },
    "sample_215135_2.jpg": {
        "LPIPS": 0.309323
    },
    "sample_219590_1.jpg": {
        "LPIPS": 0.479871
    },
    "sample_221222_1.jpg": {
        "LPIPS": 0.186744
    },
    "sample_221427_1.jpg": {
        "LPIPS": 0.138839
    },
    "sample_229301_1.jpg": {
        "LPIPS": 0.28728
    },
    "sample_234956_1.jpg": {
        "LPIPS": 0.302059
    },
    "sample_234956_2.jpg": {
        "LPIPS": 0.413994
    },
    "sample_234956_3.jpg": {
        "LPIPS": 0.26402
    },
    "sample_235802_1.jpg": {
        "LPIPS": 0.424451
    },
    "sample_235802_2.jpg": {
        "LPIPS": 0.433543
    },
    "sample_237569_1.jpg": {
        "LPIPS": 0.395174
    },
    "sample_237569_2.jpg": {
        "LPIPS": 0.450759
    },
    "sample_240967_1.jpg": {
        "LPIPS": 0.38681
    },
    "sample_240967_2.jpg": {
        "LPIPS": 0.358646
    },
    "sample_24585_1.jpg": {
        "LPIPS": 0.568656
    },
    "sample_24629_1.jpg": {
        "LPIPS": 0.528691
    },
    "sample_249441_1.jpg": {
        "LPIPS": 0.288436
    },
    "sample_253975_1.jpg": {
        "LPIPS": 0.570639
    },
    "sample_254387_1.jpg": {
        "LPIPS": 0.465554
    },
    "sample_256884_1.jpg": {
        "LPIPS": 0.432474
    },
    "sample_256884_2.jpg": {
        "LPIPS": 0.196018
    },
    "sample_2585_1.jpg": {
        "LPIPS": 0.408624
    },
    "sample_2585_2.jpg": {
        "LPIPS": 0.29966
    },
    "sample_259097_1.jpg": {
        "LPIPS": 0.18194
    },
    "sample_259097_2.jpg": {
        "LPIPS": 0.20384
    },
    "sample_259097_3.jpg": {
        "LPIPS": 0.314362
    },
    "sample_25989_1.jpg": {
        "LPIPS": 0.437308
    },
    "sample_25989_2.jpg": {
        "LPIPS": 0.606626
    },
    "sample_25989_3.jpg": {
        "LPIPS": 0.630503
    },
    "sample_262161_1.jpg": {
        "LPIPS": 0.634273
    },
    "sample_266961_1.jpg": {
        "LPIPS": 0.530057
    },
    "sample_267300_1.jpg": {
        "LPIPS": 0.510528
    },
    "sample_267300_2.jpg": {
        "LPIPS": 0.419315
    },
    "sample_26735_1.jpg": {
        "LPIPS": 0.493199
    },
    "sample_270186_1.jpg": {
        "LPIPS": 0.518637
    },
    "sample_270650_1.jpg": {
        "LPIPS": 0.32472
    },
    "sample_272405_1.jpg": {
        "LPIPS": 0.319459
    },
    "sample_272405_2.jpg": {
        "LPIPS": 0.284517
    },
    "sample_272405_3.jpg": {
        "LPIPS": 0.348363
    },
    "sample_273560_1.jpg": {
        "LPIPS": 0.321527
    },
    "sample_273560_2.jpg": {
        "LPIPS": 0.589456
    },
    "sample_273560_3.jpg": {
        "LPIPS": 0.543575
    },