{
    "sample_100081_1.jpg": {
        "LPIPS": 0.486559
    },
    "sample_100081_3.jpg": {
        "LPIPS": 0.511143
    },
    "sample_100558_1.jpg": {
        "LPIPS": 0.597878
    },
    "sample_102171_1.jpg": {
        "LPIPS": 0.670927
    },
    "sample_102625_1.jpg": {
        "LPIPS": 0.660574
    },
    "sample_102625_2.jpg": {
        "LPIPS": 0.625364
    },
    "sample_102724_1.jpg": {
        "LPIPS": 0.680981
    },
    "sample_104304_1.jpg": {
        "LPIPS": 0.500504
    },
    "sample_104304_2.jpg": {
        "LPIPS": 0.512147
    },
    "sample_104304_3.jpg": {
        "LPIPS": 0.515175
    },
    "sample_106508_1.jpg": {
        "LPIPS": 0.595151
    },
    "sample_106508_2.jpg": {
        "LPIPS": 0.605474
    },
    "sample_106772_1.jpg": {
        "LPIPS": 0.670697
    },
    "sample_106772_2.jpg": {
        "LPIPS": 0.688689
    },
    "sample_108871_1.jpg": {
        "LPIPS": 0.520019
    },
    "sample_108871_2.jpg": {
        "LPIPS": 0.490977
    },
    "sample_109776_1.jpg": {
        "LPIPS": 0.661862
    },
    "sample_11091_1.jpg": {
        "LPIPS": 0.649102
    },
    "sample_111376_1.jpg": {
        "LPIPS": 0.556843
    },
    "sample_112286_1.jpg": {
        "LPIPS": 0.634168
    },
    "sample_121612_1.jpg": {
        "LPIPS": 0.664292
    },
    "sample_122896_1.jpg": {
        "LPIPS": 0.644654
    },
    "sample_125106_1.jpg": {
        "LPIPS": 0.672052
    },
    "sample_125106_2.jpg": {
        "LPIPS": 0.645182
    },
    "sample_125106_3.jpg": {
        "LPIPS": 0.643264
    },
    "sample_129062_1.jpg": {
        "LPIPS": 0.658064
    },
    "sample_129062_2.jpg": {
        "LPIPS": 0.657867
    },
    "sample_129587_1.jpg": {
        "LPIPS": 0.645085
    },
    "sample_129587_2.jpg": {
        "LPIPS": 0.584094
    },
    "sample_129587_3.jpg": {
        "LPIPS": 0.677342
    },
    "sample_130518_1.jpg": {
        "LPIPS": 0.585101
    },
    "sample_134290_1.jpg": {
        "LPIPS": 0.719432
    },
    "sample_134290_2.jpg": {
        "LPIPS": 0.655255
    },
    "sample_134597_1.jpg": {
        "LPIPS": 0.560421
    },
    "sample_139276_1.jpg": {
        "LPIPS": 0.438375
    },
    "sample_140513_1.jpg": {
        "LPIPS": 0.613723
    },
    "sample_140513_2.jpg": {
        "LPIPS": 0.619522
    },
    "sample_142400_1.jpg": {
        "LPIPS": 0.632661
    },
    "sample_142400_2.jpg": {
        "LPIPS": 0.642276
    },
    "sample_142510_1.jpg": {
        "LPIPS": 0.515244
    },
    "sample_142510_2.jpg": {
        "LPIPS": 0.533143
    },
    "sample_142585_1.jpg": {
        "LPIPS": 0.695628
    },
    "sample_147546_1.jpg": {
        "LPIPS": 0.711116
    },
    "sample_148240_1.jpg": {
        "LPIPS": 0.585227
    },
    "sample_148240_2.jpg": {
        "LPIPS": 0.586988
    },
    "sample_150812_1.jpg": {
        "LPIPS": 0.637837
    },
    "sample_151_1.jpg": {
        "LPIPS": 0.662385
    },
    "sample_153639_2.jpg": {
        "LPIPS": 0.715197
    },
    "sample_155790_1.jpg": {
        "LPIPS": 0.585016
    },
    "sample_158548_1.jpg": {
        "LPIPS": 0.579723
    },
    "sample_158548_2.jpg": {
        "LPIPS": 0.513569
    },
    "sample_158726_1.jpg": {
        "LPIPS": 0.650231
    },
    "sample_158726_2.jpg": {
        "LPIPS": 0.748062
    },
    "sample_163114_2.jpg": {
        "LPIPS": 0.567189
    },
    "sample_17320_1.jpg": {
        "LPIPS": 0.669742
    },
    "sample_175584_1.jpg": {
        "LPIPS": 0.560225
    },
    "sample_175584_2.jpg": {
        "LPIPS": 0.490248
    },
    "sample_175584_3.jpg": {
        "LPIPS": 0.45444
    },
    "sample_177572_1.jpg": {
        "LPIPS": 0.673616
    },
    "sample_177824_1.jpg": {
        "LPIPS": 0.655103
    },
    "sample_178403_1.jpg": {
        "LPIPS": 0.631831
    },
    "sample_178403_2.jpg": {
        "LPIPS": 0.655982
    },
    "sample_178403_3.jpg": {
        "LPIPS": 0.65676
    },
    "sample_178928_1.jpg": {
        "LPIPS": 0.378047
    },
    "sample_178928_2.jpg": {
        "LPIPS": 0.374615
    },
    "sample_181699_1.jpg": {
        "LPIPS": 0.632704
    },
    "sample_181699_2.jpg": {
        "LPIPS": 0.698856
    },
    "sample_182759_3.jpg": {
        "LPIPS": 0.580165
    },
    "sample_184184_1.jpg": {
        "LPIPS": 0.528135
    },
    "sample_184184_2.jpg": {
        "LPIPS": 0.605168
    },
    "sample_184384_1.jpg": {
        "LPIPS": 0.665603
    },
    "sample_187866_1.jpg": {
        "LPIPS": 0.687693
    },
    "sample_188612_1.jpg": {
        "LPIPS": 0.439009
    },
    "sample_189893_1.jpg": {
        "LPIPS": 0.67041
    },
    "sample_190360_2.jpg": {
        "LPIPS": 0.567797
    },
    "sample_193680_1.jpg": {
        "LPIPS": 0.670925
    },
    "sample_203920_1.jpg": {
        "LPIPS": 0.616584
    },
    "sample_204837_1.jpg": {
        "LPIPS": 0.632358
    },
    "sample_204863_1.jpg": {
        "LPIPS": 0.536248
    },
    "sample_205344_1.jpg": {
        "LPIPS": 0.628708
    },
    "sample_205344_2.jpg": {
        "LPIPS": 0.592019
    },
    "sample_207833_1.jpg": {
        "LPIPS": 0.64216
    },
    "sample_211860_1.jpg": {
        "LPIPS": 0.624256
    },
    "sample_211860_2.jpg": {
        "LPIPS": 0.592934
    },
    "sample_214848_1.jpg": {
        "LPIPS": 0.612509
    },
    "sample_214848_2.jpg": {
        "LPIPS": 0.65126
    },
    "sample_215135_1.jpg": {
        "LPIPS": 0.658711
    },
    "sample_215135_2.jpg": {
        "LPIPS": 0.644902
    },
    "sample_219590_1.jpg": {
        "LPIPS": 0.673605
    },
    "sample_221222_1.jpg": {
        "LPIPS": 0.389206
    },
    "sample_221427_1.jpg": {
        "LPIPS": 0.699187
    },
    "sample_229301_1.jpg": {
        "LPIPS": 0.591785
    },
    "sample_234956_1.jpg": {
        "LPIPS": 0.563454
    },
    "sample_234956_2.jpg": {
        "LPIPS": 0.566672
    },
    "sample_234956_3.jpg": {
        "LPIPS": 0.570135
    },
    "sample_235802_1.jpg": {
        "LPIPS": 0.630011
    },
    "sample_235802_2.jpg": {
        "LPIPS": 0.513533
    },
    "sample_237569_1.jpg": {
        "LPIPS": 0.560803
    },
    "sample_237569_2.jpg": {
        "LPIPS": 0.500265
    },
    "sample_240967_1.jpg": {
        "LPIPS": 0.634668
    },
    "sample_240967_2.jpg": {
        "LPIPS": 0.611477
    },
    "sample_24585_1.jpg": {
        "LPIPS": 0.686343
    },
    "sample_24629_1.jpg": {
        "LPIPS": 0.727874
    },
    "sample_249441_1.jpg": {
        "LPIPS": 0.473355
    },
    "sample_253975_1.jpg": {
        "LPIPS": 0.568763
    },
    "sample_254387_1.jpg": {
        "LPIPS": 0.640399
    },
    "sample_256884_1.jpg": {
        "LPIPS": 0.641712
    },
    "sample_256884_2.jpg": {
        "LPIPS": 0.660717
    },
    "sample_2585_1.jpg": {
        "LPIPS": 0.625344
    },
    "sample_2585_2.jpg": {
        "LPIPS": 0.608215
    },
    "sample_259097_1.jpg": {
        "LPIPS": 0.464912
    },
    "sample_259097_2.jpg": {
        "LPIPS": 0.330238
    },
    "sample_259097_3.jpg": {
        "LPIPS": 0.436321
    },
    "sample_25989_1.jpg": {
        "LPIPS": 0.606621
    },
    "sample_25989_2.jpg": {
        "LPIPS": 0.560529
    },
    "sample_25989_3.jpg": {
        "LPIPS": 0.661099
    },
    "sample_262161_1.jpg": {
        "LPIPS": 0.694535
    },
    "sample_266961_1.jpg": {
        "LPIPS": 0.722102
    },
    "sample_267300_1.jpg": {
        "LPIPS": 0.580364
    },
    "sample_267300_2.jpg": {
        "LPIPS": 0.579528
    },
    "sample_26735_1.jpg": {
        "LPIPS": 0.723142
    },
    "sample_270186_1.jpg": {
        "LPIPS": 0.676138
    },
    "sample_270650_1.jpg": {
        "LPIPS": 0.617993
    },
    "sample_272405_1.jpg": {
        "LPIPS": 0.585268
    },
    "sample_272405_2.jpg": {
        "LPIPS": 0.553989
    },
    "sample_272405_3.jpg": {
        "LPIPS": 0.548823
    },
    "sample_273560_1.jpg": {
        "LPIPS": 0.610702
    },
    "sample_273560_2.jpg": {
        "LPIPS": 0.639027
    },
    "sample_273560_3.jpg": {
        "LPIPS": 0.66864
    },