{
    "sample_100081_1.jpg": {
        "LPIPS": 0.106477
    },
    "sample_100081_3.jpg": {
        "LPIPS": 0.141886
    },
    "sample_100558_1.jpg": {
        "LPIPS": 0.155335
    },
    "sample_102171_1.jpg": {
        "LPIPS": 0.187892
    },
    "sample_102625_1.jpg": {
        "LPIPS": 0.122933
    },
    "sample_102625_2.jpg": {
        "LPIPS": 0.231802
    },
    "sample_102724_1.jpg": {
        "LPIPS": 0.199226
    },
    "sample_104304_1.jpg": {
        "LPIPS": 0.102483
    },
    "sample_104304_2.jpg": {
        "LPIPS": 0.188143
    },
    "sample_104304_3.jpg": {
        "LPIPS": 0.157932
    },
    "sample_106508_1.jpg": {
        "LPIPS": 0.229959
    },
    "sample_106508_2.jpg": {
        "LPIPS": 0.021079
    },
    "sample_106772_1.jpg": {
        "LPIPS": 0.097736
    },
    "sample_106772_2.jpg": {
        "LPIPS": 0.10442
    },
    "sample_108871_1.jpg": {
        "LPIPS": 0.243523
    },
    "sample_108871_2.jpg": {
        "LPIPS": 0.085431
    },
    "sample_109776_1.jpg": {
        "LPIPS": 0.205886
    },
    "sample_11091_1.jpg": {
        "LPIPS": 0.146847
    },
    "sample_111376_1.jpg": {
        "LPIPS": 0.103479
    },
    "sample_112286_1.jpg": {
        "LPIPS": 0.284253
    },
    "sample_121612_1.jpg": {
        "LPIPS": 0.159264
    },
    "sample_122896_1.jpg": {
        "LPIPS": 0.207276
    },
    "sample_125106_1.jpg": {
        "LPIPS": 0.046478
    },
    "sample_125106_2.jpg": {
        "LPIPS": 0.027366
    },
    "sample_125106_3.jpg": {
        "LPIPS": 0.040472
    },
    "sample_129062_1.jpg": {
        "LPIPS": 0.107077
    },
    "sample_129062_2.jpg": {
        "LPIPS": 0.078341
    },
    "sample_129587_1.jpg": {
        "LPIPS": 0.130947
    },
    "sample_129587_2.jpg": {
        "LPIPS": 0.220867
    },
    "sample_129587_3.jpg": {
        "LPIPS": 0.158971
    },
    "sample_130518_1.jpg": {
        "LPIPS": 0.281877
    },
    "sample_134290_1.jpg": {
        "LPIPS": 0.423616
    },
    "sample_134290_2.jpg": {
        "LPIPS": 0.253487
    },
    "sample_134597_1.jpg": {
        "LPIPS": 0.146537
    },
    "sample_139276_1.jpg": {
        "LPIPS": 0.107466
    },
    "sample_140513_1.jpg": {
        "LPIPS": 0.444886
    },
    "sample_140513_2.jpg": {
        "LPIPS": 0.311711
    },
    "sample_142400_1.jpg": {
        "LPIPS": 0.158128
    },
    "sample_142400_2.jpg": {
        "LPIPS": 0.058459
    },
    "sample_142510_1.jpg": {
        "LPIPS": 0.171116
    },
    "sample_142510_2.jpg": {
        "LPIPS": 0.315321
    },
    "sample_142585_1.jpg": {
        "LPIPS": 0.137552
    },
    "sample_147546_1.jpg": {
        "LPIPS": 0.246578
    },
    "sample_148240_1.jpg": {
        "LPIPS": 0.038208
    },
    "sample_148240_2.jpg": {
        "LPIPS": 0.044578
    },
    "sample_150812_1.jpg": {
        "LPIPS": 0.281401
    },
    "sample_151_1.jpg": {
        "LPIPS": 0.236334
    },
    "sample_153639_2.jpg": {
        "LPIPS": 0.521198
    },
    "sample_155790_1.jpg": {
        "LPIPS": 0.176033
    },
    "sample_158548_1.jpg": {
        "LPIPS": 0.084662
    },
    "sample_158548_2.jpg": {
        "LPIPS": 0.034606
    },
    "sample_158726_1.jpg": {
        "LPIPS": 0.156175
    },
    "sample_158726_2.jpg": {
        "LPIPS": 0.355603
    },
    "sample_163114_2.jpg": {
        "LPIPS": 0.166209
    },
    "sample_17320_1.jpg": {
        "LPIPS": 0.169069
    },
    "sample_175584_1.jpg": {
        "LPIPS": 0.26976
    },
    "sample_175584_2.jpg": {
        "LPIPS": 0.229774
    },
    "sample_175584_3.jpg": {
        "LPIPS": 0.153631
    },
    "sample_177572_1.jpg": {
        "LPIPS": 0.099372
    },
    "sample_177824_1.jpg": {
        "LPIPS": 0.225698
    },
    "sample_178403_1.jpg": {
        "LPIPS": 0.111254
    },
    "sample_178403_2.jpg": {
        "LPIPS": 0.168565
    },
    "sample_178403_3.jpg": {
        "LPIPS": 0.170717
    },
    "sample_178928_1.jpg": {
        "LPIPS": 0.129523
    },
    "sample_178928_2.jpg": {
        "LPIPS": 0.140686
    },
    "sample_181699_1.jpg": {
        "LPIPS": 0.263854
    },
    "sample_181699_2.jpg": {
        "LPIPS": 0.232848
    },
    "sample_182759_3.jpg": {
        "LPIPS": 0.123593
    },
    "sample_184184_1.jpg": {
        "LPIPS": 0.152046
    },
    "sample_184184_2.jpg": {
        "LPIPS": 0.376029
    },
    "sample_184384_1.jpg": {
        "LPIPS": 0.121769
    },
    "sample_187866_1.jpg": {
        "LPIPS": 0.344522
    },
    "sample_188612_1.jpg": {
        "LPIPS": 0.049543
    },
    "sample_189893_1.jpg": {
        "LPIPS": 0.091936
    },
    "sample_190360_2.jpg": {
        "LPIPS": 0.079362
    },
    "sample_193680_1.jpg": {
        "LPIPS": 0.266976
    },
    "sample_203920_1.jpg": {
        "LPIPS": 0.342717
    },
    "sample_204837_1.jpg": {
        "LPIPS": 0.105385
    },
    "sample_204863_1.jpg": {
        "LPIPS": 0.093925
    },
    "sample_205344_1.jpg": {
        "LPIPS": 0.10755
    },
    "sample_205344_2.jpg": {
        "LPIPS": 0.032036
    },
    "sample_207833_1.jpg": {
        "LPIPS": 0.207701
    },
    "sample_211860_1.jpg": {
        "LPIPS": 0.165246
    },
    "sample_211860_2.jpg": {
        "LPIPS": 0.168445
    },
    "sample_214848_1.jpg": {
        "LPIPS": 0.164655
    },
    "sample_214848_2.jpg": {
        "LPIPS": 0.106274
    },
    "sample_215135_1.jpg": {
        "LPIPS": 0.154545
    },
    "sample_215135_2.jpg": {
        "LPIPS": 0.138697
    },
    "sample_219590_1.jpg": {
        "LPIPS": 0.135344
    },
    "sample_221222_1.jpg": {
        "LPIPS": 0.099571
    },
    "sample_221427_1.jpg": {
        "LPIPS": 0.083588
    },
    "sample_229301_1.jpg": {
        "LPIPS": 0.100248
    },
    "sample_234956_1.jpg": {
        "LPIPS": 0.101917
    },
    "sample_234956_2.jpg": {
        "LPIPS": 0.14198
    },
    "sample_234956_3.jpg": {
        "LPIPS": 0.021266
    },
    "sample_235802_1.jpg": {
        "LPIPS": 0.324808
    },
    "sample_235802_2.jpg": {
        "LPIPS": 0.442914
    },
    "sample_237569_1.jpg": {
        "LPIPS": 0.099059
    },
    "sample_237569_2.jpg": {
        "LPIPS": 0.138747
    },
    "sample_240967_1.jpg": {
        "LPIPS": 0.192984
    },
    "sample_240967_2.jpg": {
        "LPIPS": 0.175728
    },
    "sample_24585_1.jpg": {
        "LPIPS": 0.094301
    },
    "sample_24629_1.jpg": {
        "LPIPS": 0.127616
    },
    "sample_249441_1.jpg": {
        "LPIPS": 0.241957
    },
    "sample_253975_1.jpg": {
        "LPIPS": 0.147046
    },
    "sample_254387_1.jpg": {
        "LPIPS": 0.035232
    },
    "sample_256884_1.jpg": {
        "LPIPS": 0.096728
    },
    "sample_256884_2.jpg": {
        "LPIPS": 0.061391
    },
    "sample_2585_1.jpg": {
        "LPIPS": 0.105789
    },
    "sample_2585_2.jpg": {
        "LPIPS": 0.164666
    },
    "sample_259097_1.jpg": {
        "LPIPS": 0.095625
    },
    "sample_259097_2.jpg": {
        "LPIPS": 0.120548
    },
    "sample_259097_3.jpg": {
        "LPIPS": 0.310193
    },
    "sample_25989_1.jpg": {
        "LPIPS": 0.075933
    },
    "sample_25989_2.jpg": {
        "LPIPS": 0.044493
    },
    "sample_25989_3.jpg": {
        "LPIPS": 0.121155
    },
    "sample_262161_1.jpg": {
        "LPIPS": 0.56871
    },
    "sample_266961_1.jpg": {
        "LPIPS": 0.348085
    },
    "sample_267300_1.jpg": {
        "LPIPS": 0.133591
    },
    "sample_267300_2.jpg": {
        "LPIPS": 0.050112
    },
    "sample_26735_1.jpg": {
        "LPIPS": 0.176186
    },
    "sample_270186_1.jpg": {
        "LPIPS": 0.093551
    },
    "sample_270650_1.jpg": {
        "LPIPS": 0.11032
    },
    "sample_272405_1.jpg": {
        "LPIPS": 0.173646
    },
    "sample_272405_2.jpg": {
        "LPIPS": 0.173814
    },
    "sample_272405_3.jpg": {
        "LPIPS": 0.18461
    },
    "sample_273560_1.jpg": {
        "LPIPS": 0.1275
    },
    "sample_273560_2.jpg": {
        "LPIPS": 0.060602
    },
    "sample_273560_3.jpg": {
        "LPIPS": 0.112084
    },