{
    "sample_100081_1.jpg": {
        "LPIPS": 0.292604
    },
    "sample_100081_3.jpg": {
        "LPIPS": 0.159425
    },
    "sample_100558_1.jpg": {
        "LPIPS": 0.137715
    },
    "sample_102171_1.jpg": {
        "LPIPS": 0.36917
    },
    "sample_102625_1.jpg": {
        "LPIPS": 0.464011
    },
    "sample_102625_2.jpg": {
        "LPIPS": 0.47104
    },
    "sample_102724_1.jpg": {
        "LPIPS": 0.366267
    },
    "sample_104304_1.jpg": {
        "LPIPS": 0.074414
    },
    "sample_104304_2.jpg": {
        "LPIPS": 0.310979
    },
    "sample_104304_3.jpg": {
        "LPIPS": 0.073382
    },
    "sample_106508_1.jpg": {
        "LPIPS": 0.456775
    },
    "sample_106508_2.jpg": {
        "LPIPS": 0.766961
    },
    "sample_106772_1.jpg": {
        "LPIPS": 0.260178
    },
    "sample_106772_2.jpg": {
        "LPIPS": 0.407729
    },
    "sample_108871_1.jpg": {
        "LPIPS": 0.261685
    },
    "sample_108871_2.jpg": {
        "LPIPS": 0.261283
    },
    "sample_109776_1.jpg": {
        "LPIPS": 0.361281
    },
    "sample_11091_1.jpg": {
        "LPIPS": 0.279287
    },
    "sample_111376_1.jpg": {
        "LPIPS": 0.348288
    },
    "sample_112286_1.jpg": {
        "LPIPS": 0.45793
    },
    "sample_121612_1.jpg": {
        "LPIPS": 0.089654
    },
    "sample_122896_1.jpg": {
        "LPIPS": 0.252755
    },
    "sample_125106_1.jpg": {
        "LPIPS": 0.240867
    },
    "sample_125106_2.jpg": {
        "LPIPS": 0.077911
    },
    "sample_125106_3.jpg": {
        "LPIPS": 0.273656
    },
    "sample_129062_1.jpg": {
        "LPIPS": 0.284559
    },
    "sample_129062_2.jpg": {
        "LPIPS": 0.317338
    },
    "sample_129587_1.jpg": {
        "LPIPS": 0.260253
    },
    "sample_129587_2.jpg": {
        "LPIPS": 0.487746
    },
    "sample_129587_3.jpg": {
        "LPIPS": 0.478298
    },
    "sample_130518_1.jpg": {
        "LPIPS": 0.192731
    },
    "sample_134290_1.jpg": {
        "LPIPS": 0.599513
    },
    "sample_134290_2.jpg": {
        "LPIPS": 0.521107
    },
    "sample_134597_1.jpg": {
        "LPIPS": 0.434415
    },
    "sample_139276_1.jpg": {
        "LPIPS": 0.273236
    },
    "sample_140513_1.jpg": {
        "LPIPS": 0.408224
    },
    "sample_140513_2.jpg": {
        "LPIPS": 0.470989
    },
    "sample_142400_1.jpg": {
        "LPIPS": 0.592025
    },
    "sample_142400_2.jpg": {
        "LPIPS": 0.33504
    },
    "sample_142510_1.jpg": {
        "LPIPS": 0.249788
    },
    "sample_142510_2.jpg": {
        "LPIPS": 0.455321
    },
    "sample_142585_1.jpg": {
        "LPIPS": 0.32582
    },
    "sample_147546_1.jpg": {
        "LPIPS": 0.471167
    },
    "sample_148240_1.jpg": {
        "LPIPS": 0.198281
    },
    "sample_148240_2.jpg": {
        "LPIPS": 0.256259
    },
    "sample_150812_1.jpg": {
        "LPIPS": 0.627279
    },
    "sample_151_1.jpg": {
        "LPIPS": 0.282307
    },
    "sample_153639_2.jpg": {
        "LPIPS": 0.774143
    },
    "sample_155790_1.jpg": {
        "LPIPS": 0.361902
    },
    "sample_158548_1.jpg": {
        "LPIPS": 0.289314
    },
    "sample_158548_2.jpg": {
        "LPIPS": 0.198773
    },
    "sample_158726_1.jpg": {
        "LPIPS": 0.276228
    },
    "sample_158726_2.jpg": {
        "LPIPS": 0.420263
    },
    "sample_163114_2.jpg": {
        "LPIPS": 0.232893
    },
    "sample_17320_1.jpg": {
        "LPIPS": 0.224741
    },
    "sample_175584_1.jpg": {
        "LPIPS": 0.380348
    },
    "sample_175584_2.jpg": {
        "LPIPS": 0.249146
    },
    "sample_175584_3.jpg": {
        "LPIPS": 0.288979
    },
    "sample_177572_1.jpg": {
        "LPIPS": 0.30839
    },
    "sample_177824_1.jpg": {
        "LPIPS": 0.333259
    },
    "sample_178403_1.jpg": {
        "LPIPS": 0.27861
    },
    "sample_178403_2.jpg": {
        "LPIPS": 0.211638
    },
    "sample_178403_3.jpg": {
        "LPIPS": 0.322616
    },
    "sample_178928_1.jpg": {
        "LPIPS": 0.276047
    },
    "sample_178928_2.jpg": {
        "LPIPS": 0.331856
    },
    "sample_181699_1.jpg": {
        "LPIPS": 0.224432
    },
    "sample_181699_2.jpg": {
        "LPIPS": 0.37116
    },
    "sample_182759_3.jpg": {
        "LPIPS": 0.289063
    },
    "sample_184184_1.jpg": {
        "LPIPS": 0.545307
    },
    "sample_184184_2.jpg": {
        "LPIPS": 0.382801
    },
    "sample_184384_1.jpg": {
        "LPIPS": 0.253753
    },
    "sample_187866_1.jpg": {
        "LPIPS": 0.391699
    },
    "sample_188612_1.jpg": {
        "LPIPS": 0.314056
    },
    "sample_189893_1.jpg": {
        "LPIPS": 0.332267
    },
    "sample_190360_2.jpg": {
        "LPIPS": 0.352171
    },
    "sample_193680_1.jpg": {
        "LPIPS": 0.344637
    },
    "sample_203920_1.jpg": {
        "LPIPS": 0.483642
    },
    "sample_204837_1.jpg": {
        "LPIPS": 0.300678
    },
    "sample_204863_1.jpg": {
        "LPIPS": 0.633165
    },
    "sample_205344_1.jpg": {
        "LPIPS": 0.330669
    },
    "sample_205344_2.jpg": {
        "LPIPS": 0.29816
    },
    "sample_207833_1.jpg": {
        "LPIPS": 0.365718
    },
    "sample_211860_1.jpg": {
        "LPIPS": 0.107821
    },
    "sample_211860_2.jpg": {
        "LPIPS": 0.137841
    },
    "sample_214848_1.jpg": {
        "LPIPS": 0.439115
    },
    "sample_214848_2.jpg": {
        "LPIPS": 0.153176
    },
    "sample_215135_1.jpg": {
        "LPIPS": 0.404917
    },
    "sample_215135_2.jpg": {
        "LPIPS": 0.411099
    },
    "sample_219590_1.jpg": {
        "LPIPS": 0.41309
    },
    "sample_221222_1.jpg": {
        "LPIPS": 0.33272
    },
    "sample_221427_1.jpg": {
        "LPIPS": 0.081955
    },
    "sample_229301_1.jpg": {
        "LPIPS": 0.125853
    },
    "sample_234956_1.jpg": {
        "LPIPS": 0.18099
    },
    "sample_234956_2.jpg": {
        "LPIPS": 0.359982
    },
    "sample_234956_3.jpg": {
        "LPIPS": 0.241375
    },
    "sample_235802_1.jpg": {
        "LPIPS": 0.388398
    },
    "sample_235802_2.jpg": {
        "LPIPS": 0.509997
    },
    "sample_237569_1.jpg": {
        "LPIPS": 0.097875
    },
    "sample_237569_2.jpg": {
        "LPIPS": 0.313105
    },
    "sample_240967_1.jpg": {
        "LPIPS": 0.306622
    },
    "sample_240967_2.jpg": {
        "LPIPS": 0.285103
    },
    "sample_24585_1.jpg": {
        "LPIPS": 0.117213
    },
    "sample_24629_1.jpg": {
        "LPIPS": 0.198637
    },
    "sample_249441_1.jpg": {
        "LPIPS": 0.44088
    },
    "sample_253975_1.jpg": {
        "LPIPS": 0.37552
    },
    "sample_254387_1.jpg": {
        "LPIPS": 0.380425
    },
    "sample_256884_1.jpg": {
        "LPIPS": 0.102745
    },
    "sample_256884_2.jpg": {
        "LPIPS": 0.099901
    },
    "sample_2585_1.jpg": {
        "LPIPS": 0.057953
    },
    "sample_2585_2.jpg": {
        "LPIPS": 0.368665
    },
    "sample_259097_1.jpg": {
        "LPIPS": 0.332617
    },
    "sample_259097_2.jpg": {
        "LPIPS": 0.454783
    },
    "sample_259097_3.jpg": {
        "LPIPS": 0.406281
    },
    "sample_25989_1.jpg": {
        "LPIPS": 0.099302
    },
    "sample_25989_2.jpg": {
        "LPIPS": 0.346914
    },
    "sample_25989_3.jpg": {
        "LPIPS": 0.23335
    },
    "sample_262161_1.jpg": {
        "LPIPS": 0.675328
    },
    "sample_266961_1.jpg": {
        "LPIPS": 0.49987
    },
    "sample_267300_1.jpg": {
        "LPIPS": 0.282448
    },
    "sample_267300_2.jpg": {
        "LPIPS": 0.079087
    },
    "sample_26735_1.jpg": {
        "LPIPS": 0.397665
    },
    "sample_270186_1.jpg": {
        "LPIPS": 0.372053
    },
    "sample_270650_1.jpg": {
        "LPIPS": 0.376262
    },
    "sample_272405_1.jpg": {
        "LPIPS": 0.325101
    },
    "sample_272405_2.jpg": {
        "LPIPS": 0.422962
    },
    "sample_272405_3.jpg": {
        "LPIPS": 0.289186
    },
    "sample_273560_1.jpg": {
        "LPIPS": 0.348957
    },
    "sample_273560_2.jpg": {
        "LPIPS": 0.059262
    },
    "sample_273560_3.jpg": {
        "LPIPS": 0.394241
    },