{
    "sample_100081_1.jpg": {
        "LPIPS": 0.120262
    },
    "sample_100081_3.jpg": {
        "LPIPS": 0.140671
    },
    "sample_100558_1.jpg": {
        "LPIPS": 0.104134
    },
    "sample_102171_1.jpg": {
        "LPIPS": 0.236543
    },
    "sample_102625_1.jpg": {
        "LPIPS": 0.130791
    },
    "sample_102625_2.jpg": {
        "LPIPS": 0.192048
    },
    "sample_102724_1.jpg": {
        "LPIPS": 0.167349
    },
    "sample_104304_1.jpg": {
        "LPIPS": 0.07176
    },
    "sample_104304_2.jpg": {
        "LPIPS": 0.09678
    },
    "sample_104304_3.jpg": {
        "LPIPS": 0.077504
    },
    "sample_106508_1.jpg": {
        "LPIPS": 0.323785
    },
    "sample_106508_2.jpg": {
        "LPIPS": 0.177082
    },
    "sample_106772_1.jpg": {
        "LPIPS": 0.103985
    },
    "sample_106772_2.jpg": {
        "LPIPS": 0.105394
    },
    "sample_108871_1.jpg": {
        "LPIPS": 0.173796
    },
    "sample_108871_2.jpg": {
        "LPIPS": 0.182286
    },
    "sample_109776_1.jpg": {
        "LPIPS": 0.160441
    },
    "sample_11091_1.jpg": {
        "LPIPS": 0.069558
    },
    "sample_111376_1.jpg": {
        "LPIPS": 0.122348
    },
    "sample_112286_1.jpg": {
        "LPIPS": 0.313391
    },
    "sample_121612_1.jpg": {
        "LPIPS": 0.089175
    },
    "sample_122896_1.jpg": {
        "LPIPS": 0.230668
    },
    "sample_125106_1.jpg": {
        "LPIPS": 0.073619
    },
    "sample_125106_2.jpg": {
        "LPIPS": 0.07579
    },
    "sample_125106_3.jpg": {
        "LPIPS": 0.092366
    },
    "sample_129062_1.jpg": {
        "LPIPS": 0.203397
    },
    "sample_129062_2.jpg": {
        "LPIPS": 0.220481
    },
    "sample_129587_1.jpg": {
        "LPIPS": 0.251463
    },
    "sample_129587_2.jpg": {
        "LPIPS": 0.358255
    },
    "sample_129587_3.jpg": {
        "LPIPS": 0.305437
    },
    "sample_130518_1.jpg": {
        "LPIPS": 0.17491
    },
    "sample_134290_1.jpg": {
        "LPIPS": 0.435342
    },
    "sample_134290_2.jpg": {
        "LPIPS": 0.302028
    },
    "sample_134597_1.jpg": {
        "LPIPS": 0.158411
    },
    "sample_139276_1.jpg": {
        "LPIPS": 0.097458
    },
    "sample_140513_1.jpg": {
        "LPIPS": 0.364018
    },
    "sample_140513_2.jpg": {
        "LPIPS": 0.332922
    },
    "sample_142400_1.jpg": {
        "LPIPS": 0.171941
    },
    "sample_142400_2.jpg": {
        "LPIPS": 0.086889
    },
    "sample_142510_1.jpg": {
        "LPIPS": 0.093701
    },
    "sample_142510_2.jpg": {
        "LPIPS": 0.241238
    },
    "sample_142585_1.jpg": {
        "LPIPS": 0.166263
    },
    "sample_147546_1.jpg": {
        "LPIPS": 0.286267
    },
    "sample_148240_1.jpg": {
        "LPIPS": 0.076492
    },
    "sample_148240_2.jpg": {
        "LPIPS": 0.106104
    },
    "sample_150812_1.jpg": {
        "LPIPS": 0.23905
    },
    "sample_151_1.jpg": {
        "LPIPS": 0.265424
    },
    "sample_153639_2.jpg": {
        "LPIPS": 0.545819
    },
    "sample_155790_1.jpg": {
        "LPIPS": 0.219253
    },
    "sample_158548_1.jpg": {
        "LPIPS": 0.19742
    },
    "sample_158548_2.jpg": {
        "LPIPS": 0.201266
    },
    "sample_158726_1.jpg": {
        "LPIPS": 0.143962
    },
    "sample_158726_2.jpg": {
        "LPIPS": 0.294027
    },
    "sample_163114_2.jpg": {
        "LPIPS": 0.234762
    },
    "sample_17320_1.jpg": {
        "LPIPS": 0.212046
    },
    "sample_175584_1.jpg": {
        "LPIPS": 0.232366
    },
    "sample_175584_2.jpg": {
        "LPIPS": 0.211677
    },
    "sample_175584_3.jpg": {
        "LPIPS": 0.137482
    },
    "sample_177572_1.jpg": {
        "LPIPS": 0.104721
    },
    "sample_177824_1.jpg": {
        "LPIPS": 0.259066
    },
    "sample_178403_1.jpg": {
        "LPIPS": 0.13728
    },
    "sample_178403_2.jpg": {
        "LPIPS": 0.204158
    },
    "sample_178403_3.jpg": {
        "LPIPS": 0.205709
    },
    "sample_178928_1.jpg": {
        "LPIPS": 0.133893
    },
    "sample_178928_2.jpg": {
        "LPIPS": 0.168064
    },
    "sample_181699_1.jpg": {
        "LPIPS": 0.187552
    },
    "sample_181699_2.jpg": {
        "LPIPS": 0.187759
    },
    "sample_182759_3.jpg": {
        "LPIPS": 0.146481
    },
    "sample_184184_1.jpg": {
        "LPIPS": 0.101212
    },
    "sample_184184_2.jpg": {
        "LPIPS": 0.194825
    },
    "sample_184384_1.jpg": {
        "LPIPS": 0.143753
    },
    "sample_187866_1.jpg": {
        "LPIPS": 0.287903
    },
    "sample_188612_1.jpg": {
        "LPIPS": 0.109515
    },
    "sample_189893_1.jpg": {
        "LPIPS": 0.13402
    },
    "sample_190360_2.jpg": {
        "LPIPS": 0.106701
    },
    "sample_193680_1.jpg": {
        "LPIPS": 0.220462
    },
    "sample_203920_1.jpg": {
        "LPIPS": 0.326977
    },
    "sample_204837_1.jpg": {
        "LPIPS": 0.145056
    },
    "sample_204863_1.jpg": {
        "LPIPS": 0.201036
    },
    "sample_205344_1.jpg": {
        "LPIPS": 0.113842
    },
    "sample_205344_2.jpg": {
        "LPIPS": 0.104326
    },
    "sample_207833_1.jpg": {
        "LPIPS": 0.211499
    },
    "sample_211860_1.jpg": {
        "LPIPS": 0.117279
    },
    "sample_211860_2.jpg": {
        "LPIPS": 0.114873
    },
    "sample_214848_1.jpg": {
        "LPIPS": 0.205476
    },
    "sample_214848_2.jpg": {
        "LPIPS": 0.141263
    },
    "sample_215135_1.jpg": {
        "LPIPS": 0.144252
    },
    "sample_215135_2.jpg": {
        "LPIPS": 0.145869
    },
    "sample_219590_1.jpg": {
        "LPIPS": 0.152354
    },
    "sample_221222_1.jpg": {
        "LPIPS": 0.101773
    },
    "sample_221427_1.jpg": {
        "LPIPS": 0.077043
    },
    "sample_229301_1.jpg": {
        "LPIPS": 0.112277
    },
    "sample_234956_1.jpg": {
        "LPIPS": 0.184319
    },
    "sample_234956_2.jpg": {
        "LPIPS": 0.255667
    },
    "sample_234956_3.jpg": {
        "LPIPS": 0.137894
    },
    "sample_235802_1.jpg": {
        "LPIPS": 0.33388
    },
    "sample_235802_2.jpg": {
        "LPIPS": 0.509274
    },
    "sample_237569_1.jpg": {
        "LPIPS": 0.082951
    },
    "sample_237569_2.jpg": {
        "LPIPS": 0.162575
    },
    "sample_240967_1.jpg": {
        "LPIPS": 0.165071
    },
    "sample_240967_2.jpg": {
        "LPIPS": 0.144224
    },
    "sample_24585_1.jpg": {
        "LPIPS": 0.104063
    },
    "sample_24629_1.jpg": {
        "LPIPS": 0.165797
    },
    "sample_249441_1.jpg": {
        "LPIPS": 0.255713
    },
    "sample_253975_1.jpg": {
        "LPIPS": 0.159332
    },
    "sample_254387_1.jpg": {
        "LPIPS": 0.07495
    },
    "sample_256884_1.jpg": {
        "LPIPS": 0.10586
    },
    "sample_256884_2.jpg": {
        "LPIPS": 0.091736
    },
    "sample_2585_1.jpg": {
        "LPIPS": 0.061455
    },
    "sample_2585_2.jpg": {
        "LPIPS": 0.218477
    },
    "sample_259097_1.jpg": {
        "LPIPS": 0.127403
    },
    "sample_259097_2.jpg": {
        "LPIPS": 0.140804
    },
    "sample_259097_3.jpg": {
        "LPIPS": 0.365449
    },
    "sample_25989_1.jpg": {
        "LPIPS": 0.101727
    },
    "sample_25989_2.jpg": {
        "LPIPS": 0.092412
    },
    "sample_25989_3.jpg": {
        "LPIPS": 0.181986
    },
    "sample_262161_1.jpg": {
        "LPIPS": 0.558301
    },
    "sample_266961_1.jpg": {
        "LPIPS": 0.409537
    },
    "sample_267300_1.jpg": {
        "LPIPS": 0.122067
    },
    "sample_267300_2.jpg": {
        "LPIPS": 0.076636
    },
    "sample_26735_1.jpg": {
        "LPIPS": 0.183976
    },
    "sample_270186_1.jpg": {
        "LPIPS": 0.200876
    },
    "sample_270650_1.jpg": {
        "LPIPS": 0.171751
    },
    "sample_272405_1.jpg": {
        "LPIPS": 0.123386
    },
    "sample_272405_2.jpg": {
        "LPIPS": 0.214069
    },
    "sample_272405_3.jpg": {
        "LPIPS": 0.182987
    },
    "sample_273560_1.jpg": {
        "LPIPS": 0.074216
    },
    "sample_273560_2.jpg": {
        "LPIPS": 0.064309
    },
    "sample_273560_3.jpg": {
        "LPIPS": 0.063686
    },