{
    "sample_100081_1.jpg": {
        "LPIPS": 0.115401
    },
    "sample_100081_3.jpg": {
        "LPIPS": 0.100933
    },
    "sample_100558_1.jpg": {
        "LPIPS": 0.1481
    },
    "sample_102171_1.jpg": {
        "LPIPS": 0.225174
    },
    "sample_102625_1.jpg": {
        "LPIPS": 0.115267
    },
    "sample_102625_2.jpg": {
        "LPIPS": 0.196934
    },
    "sample_102724_1.jpg": {
        "LPIPS": 0.329466
    },
    "sample_104304_1.jpg": {
        "LPIPS": 0.087347
    },
    "sample_104304_2.jpg": {
        "LPIPS": 0.120994
    },
    "sample_104304_3.jpg": {
        "LPIPS": 0.074732
    },
    "sample_106508_1.jpg": {
        "LPIPS": 0.33585
    },
    "sample_106508_2.jpg": {
        "LPIPS": 0.122413
    },
    "sample_106772_1.jpg": {
        "LPIPS": 0.116289
    },
    "sample_106772_2.jpg": {
        "LPIPS": 0.111903
    },
    "sample_108871_1.jpg": {
        "LPIPS": 0.17534
    },
    "sample_108871_2.jpg": {
        "LPIPS": 0.173093
    },
    "sample_109776_1.jpg": {
        "LPIPS": 0.175668
    },
    "sample_11091_1.jpg": {
        "LPIPS": 0.101824
    },
    "sample_111376_1.jpg": {
        "LPIPS": 0.159481
    },
    "sample_112286_1.jpg": {
        "LPIPS": 0.358298
    },
    "sample_121612_1.jpg": {
        "LPIPS": 0.082455
    },
    "sample_122896_1.jpg": {
        "LPIPS": 0.295728
    },
    "sample_125106_1.jpg": {
        "LPIPS": 0.070423
    },
    "sample_125106_2.jpg": {
        "LPIPS": 0.066577
    },
    "sample_125106_3.jpg": {
        "LPIPS": 0.109256
    },
    "sample_129062_1.jpg": {
        "LPIPS": 0.13339
    },
    "sample_129062_2.jpg": {
        "LPIPS": 0.117347
    },
    "sample_129587_1.jpg": {
        "LPIPS": 0.235917
    },
    "sample_129587_2.jpg": {
        "LPIPS": 0.287644
    },
    "sample_129587_3.jpg": {
        "LPIPS": 0.254664
    },
    "sample_130518_1.jpg": {
        "LPIPS": 0.2154
    },
    "sample_134290_1.jpg": {
        "LPIPS": 0.606827
    },
    "sample_134290_2.jpg": {
        "LPIPS": 0.403503
    },
    "sample_134597_1.jpg": {
        "LPIPS": 0.214741
    },
    "sample_139276_1.jpg": {
        "LPIPS": 0.123315
    },
    "sample_140513_1.jpg": {
        "LPIPS": 0.380147
    },
    "sample_140513_2.jpg": {
        "LPIPS": 0.39184
    },
    "sample_142400_1.jpg": {
        "LPIPS": 0.242192
    },
    "sample_142400_2.jpg": {
        "LPIPS": 0.121421
    },
    "sample_142510_1.jpg": {
        "LPIPS": 0.126
    },
    "sample_142510_2.jpg": {
        "LPIPS": 0.393391
    },
    "sample_142585_1.jpg": {
        "LPIPS": 0.218682
    },
    "sample_147546_1.jpg": {
        "LPIPS": 0.3275
    },
    "sample_148240_1.jpg": {
        "LPIPS": 0.098447
    },
    "sample_148240_2.jpg": {
        "LPIPS": 0.112051
    },
    "sample_150812_1.jpg": {
        "LPIPS": 0.262542
    },
    "sample_151_1.jpg": {
        "LPIPS": 0.210049
    },
    "sample_153639_2.jpg": {
        "LPIPS": 0.640903
    },
    "sample_155790_1.jpg": {
        "LPIPS": 0.266942
    },
    "sample_158548_1.jpg": {
        "LPIPS": 0.167271
    },
    "sample_158548_2.jpg": {
        "LPIPS": 0.153789
    },
    "sample_158726_1.jpg": {
        "LPIPS": 0.155405
    },
    "sample_158726_2.jpg": {
        "LPIPS": 0.359631
    },
    "sample_163114_2.jpg": {
        "LPIPS": 0.174831
    },
    "sample_17320_1.jpg": {
        "LPIPS": 0.266639
    },
    "sample_175584_1.jpg": {
        "LPIPS": 0.259972
    },
    "sample_175584_2.jpg": {
        "LPIPS": 0.30629
    },
    "sample_175584_3.jpg": {
        "LPIPS": 0.152227
    },
    "sample_177572_1.jpg": {
        "LPIPS": 0.150847
    },
    "sample_177824_1.jpg": {
        "LPIPS": 0.344206
    },
    "sample_178403_1.jpg": {
        "LPIPS": 0.130502
    },
    "sample_178403_2.jpg": {
        "LPIPS": 0.206817
    },
    "sample_178403_3.jpg": {
        "LPIPS": 0.247798
    },
    "sample_178928_1.jpg": {
        "LPIPS": 0.192314
    },
    "sample_178928_2.jpg": {
        "LPIPS": 0.226715
    },
    "sample_181699_1.jpg": {
        "LPIPS": 0.298199
    },
    "sample_181699_2.jpg": {
        "LPIPS": 0.235018
    },
    "sample_182759_3.jpg": {
        "LPIPS": 0.169234
    },
    "sample_184184_1.jpg": {
        "LPIPS": 0.115797
    },
    "sample_184184_2.jpg": {
        "LPIPS": 0.390378
    },
    "sample_184384_1.jpg": {
        "LPIPS": 0.16257
    },
    "sample_187866_1.jpg": {
        "LPIPS": 0.352405
    },
    "sample_188612_1.jpg": {
        "LPIPS": 0.087877
    },
    "sample_189893_1.jpg": {
        "LPIPS": 0.136739
    },
    "sample_190360_2.jpg": {
        "LPIPS": 0.121455
    },
    "sample_193680_1.jpg": {
        "LPIPS": 0.27493
    },
    "sample_203920_1.jpg": {
        "LPIPS": 0.520069
    },
    "sample_204837_1.jpg": {
        "LPIPS": 0.142048
    },
    "sample_204863_1.jpg": {
        "LPIPS": 0.167377
    },
    "sample_205344_1.jpg": {
        "LPIPS": 0.123661
    },
    "sample_205344_2.jpg": {
        "LPIPS": 0.087879
    },
    "sample_207833_1.jpg": {
        "LPIPS": 0.212931
    },
    "sample_211860_1.jpg": {
        "LPIPS": 0.146423
    },
    "sample_211860_2.jpg": {
        "LPIPS": 0.133071
    },
    "sample_214848_1.jpg": {
        "LPIPS": 0.213875
    },
    "sample_214848_2.jpg": {
        "LPIPS": 0.117161
    },
    "sample_215135_1.jpg": {
        "LPIPS": 0.168278
    },
    "sample_215135_2.jpg": {
        "LPIPS": 0.13645
    },
    "sample_219590_1.jpg": {
        "LPIPS": 0.175021
    },
    "sample_221222_1.jpg": {
        "LPIPS": 0.108072
    },
    "sample_221427_1.jpg": {
        "LPIPS": 0.091966
    },
    "sample_229301_1.jpg": {
        "LPIPS": 0.158429
    },
    "sample_234956_1.jpg": {
        "LPIPS": 0.140652
    },
    "sample_234956_2.jpg": {
        "LPIPS": 0.20861
    },
    "sample_234956_3.jpg": {
        "LPIPS": 0.084884
    },
    "sample_235802_1.jpg": {
        "LPIPS": 0.37487
    },
    "sample_235802_2.jpg": {
        "LPIPS": 0.504446
    },
    "sample_237569_1.jpg": {
        "LPIPS": 0.123994
    },
    "sample_237569_2.jpg": {
        "LPIPS": 0.208558
    },
    "sample_240967_1.jpg": {
        "LPIPS": 0.227972
    },
    "sample_240967_2.jpg": {
        "LPIPS": 0.13897
    },
    "sample_24585_1.jpg": {
        "LPIPS": 0.165812
    },
    "sample_24629_1.jpg": {
        "LPIPS": 0.220846
    },
    "sample_249441_1.jpg": {
        "LPIPS": 0.330241
    },
    "sample_253975_1.jpg": {
        "LPIPS": 0.341568
    },
    "sample_254387_1.jpg": {
        "LPIPS": 0.103584
    },
    "sample_256884_1.jpg": {
        "LPIPS": 0.131891
    },
    "sample_256884_2.jpg": {
        "LPIPS": 0.093115
    },
    "sample_2585_1.jpg": {
        "LPIPS": 0.073552
    },
    "sample_2585_2.jpg": {
        "LPIPS": 0.39835
    },
    "sample_259097_1.jpg": {
        "LPIPS": 0.11732
    },
    "sample_259097_2.jpg": {
        "LPIPS": 0.108177
    },
    "sample_259097_3.jpg": {
        "LPIPS": 0.369851
    },
    "sample_25989_1.jpg": {
        "LPIPS": 0.149551
    },
    "sample_25989_2.jpg": {
        "LPIPS": 0.124863
    },
    "sample_25989_3.jpg": {
        "LPIPS": 0.282703
    },
    "sample_262161_1.jpg": {
        "LPIPS": 0.605691
    },
    "sample_266961_1.jpg": {
        "LPIPS": 0.488043
    },
    "sample_267300_1.jpg": {
        "LPIPS": 0.175825
    },
    "sample_267300_2.jpg": {
        "LPIPS": 0.104496
    },
    "sample_26735_1.jpg": {
        "LPIPS": 0.247694
    },
    "sample_270186_1.jpg": {
        "LPIPS": 0.161185
    },
    "sample_270650_1.jpg": {
        "LPIPS": 0.17228
    },
    "sample_272405_1.jpg": {
        "LPIPS": 0.113506
    },
    "sample_272405_2.jpg": {
        "LPIPS": 0.202254
    },
    "sample_272405_3.jpg": {
        "LPIPS": 0.218292
    },
    "sample_273560_1.jpg": {
        "LPIPS": 0.161333
    },
    "sample_273560_2.jpg": {
        "LPIPS": 0.083423
    },
    "sample_273560_3.jpg": {
        "LPIPS": 0.132354
    },