{
    "sample_100081_1.jpg": {
        "LPIPS": 0.301537
    },
    "sample_100081_3.jpg": {
        "LPIPS": 0.428768
    },
    "sample_100558_1.jpg": {
        "LPIPS": 0.351315
    },
    "sample_102171_1.jpg": {
        "LPIPS": 0.680259
    },
    "sample_102625_1.jpg": {
        "LPIPS": 0.519675
    },
    "sample_102625_2.jpg": {
        "LPIPS": 0.501572
    },
    "sample_102724_1.jpg": {
        "LPIPS": 0.745639
    },
    "sample_104304_1.jpg": {
        "LPIPS": 0.455033
    },
    "sample_104304_2.jpg": {
        "LPIPS": 0.463684
    },
    "sample_104304_3.jpg": {
        "LPIPS": 0.483313
    },
    "sample_106508_1.jpg": {
        "LPIPS": 0.713404
    },
    "sample_106508_2.jpg": {
        "LPIPS": 0.650459
    },
    "sample_106772_1.jpg": {
        "LPIPS": 0.618126
    },
    "sample_106772_2.jpg": {
        "LPIPS": 0.611382
    },
    "sample_108871_1.jpg": {
        "LPIPS": 0.590815
    },
    "sample_108871_2.jpg": {
        "LPIPS": 0.534425
    },
    "sample_109776_1.jpg": {
        "LPIPS": 0.841797
    },
    "sample_11091_1.jpg": {
        "LPIPS": 0.623477
    },
    "sample_111376_1.jpg": {
        "LPIPS": 0.576522
    },
    "sample_112286_1.jpg": {
        "LPIPS": 0.663713
    },
    "sample_121612_1.jpg": {
        "LPIPS": 0.620652
    },
    "sample_122896_1.jpg": {
        "LPIPS": 0.712005
    },
    "sample_125106_1.jpg": {
        "LPIPS": 0.557881
    },
    "sample_125106_2.jpg": {
        "LPIPS": 0.563621
    },
    "sample_125106_3.jpg": {
        "LPIPS": 0.57956
    },
    "sample_129062_1.jpg": {
        "LPIPS": 0.648834
    },
    "sample_129062_2.jpg": {
        "LPIPS": 0.604794
    },
    "sample_129587_1.jpg": {
        "LPIPS": 0.577906
    },
    "sample_129587_2.jpg": {
        "LPIPS": 0.634075
    },
    "sample_129587_3.jpg": {
        "LPIPS": 0.555618
    },
    "sample_130518_1.jpg": {
        "LPIPS": 0.667678
    },
    "sample_134290_1.jpg": {
        "LPIPS": 0.669788
    },
    "sample_134290_2.jpg": {
        "LPIPS": 0.717013
    },
    "sample_134597_1.jpg": {
        "LPIPS": 0.528584
    },
    "sample_139276_1.jpg": {
        "LPIPS": 0.625559
    },
    "sample_140513_1.jpg": {
        "LPIPS": 0.695424
    },
    "sample_140513_2.jpg": {
        "LPIPS": 0.728139
    },
    "sample_142400_1.jpg": {
        "LPIPS": 0.582117
    },
    "sample_142400_2.jpg": {
        "LPIPS": 0.591023
    },
    "sample_142510_1.jpg": {
        "LPIPS": 0.572014
    },
    "sample_142510_2.jpg": {
        "LPIPS": 0.617899
    },
    "sample_142585_1.jpg": {
        "LPIPS": 0.661408
    },
    "sample_147546_1.jpg": {
        "LPIPS": 0.63183
    },
    "sample_148240_1.jpg": {
        "LPIPS": 0.48891
    },
    "sample_148240_2.jpg": {
        "LPIPS": 0.571548
    },
    "sample_150812_1.jpg": {
        "LPIPS": 0.679441
    },
    "sample_151_1.jpg": {
        "LPIPS": 0.570488
    },
    "sample_153639_2.jpg": {
        "LPIPS": 0.689584
    },
    "sample_155790_1.jpg": {
        "LPIPS": 0.586394
    },
    "sample_158548_1.jpg": {
        "LPIPS": 0.510886
    },
    "sample_158548_2.jpg": {
        "LPIPS": 0.535969
    },
    "sample_158726_1.jpg": {
        "LPIPS": 0.662475
    },
    "sample_158726_2.jpg": {
        "LPIPS": 0.701952
    },
    "sample_163114_2.jpg": {
        "LPIPS": 0.650793
    },
    "sample_17320_1.jpg": {
        "LPIPS": 0.540956
    },
    "sample_175584_1.jpg": {
        "LPIPS": 0.466608
    },
    "sample_175584_2.jpg": {
        "LPIPS": 0.497068
    },
    "sample_175584_3.jpg": {
        "LPIPS": 0.471907
    },
    "sample_177572_1.jpg": {
        "LPIPS": 0.680966
    },
    "sample_177824_1.jpg": {
        "LPIPS": 0.633401
    },
    "sample_178403_1.jpg": {
        "LPIPS": 0.647335
    },
    "sample_178403_2.jpg": {
        "LPIPS": 0.621209
    },
    "sample_178403_3.jpg": {
        "LPIPS": 0.660972
    },
    "sample_178928_1.jpg": {
        "LPIPS": 0.435609
    },
    "sample_178928_2.jpg": {
        "LPIPS": 0.352668
    },
    "sample_181699_1.jpg": {
        "LPIPS": 0.550486
    },
    "sample_181699_2.jpg": {
        "LPIPS": 0.717411
    },
    "sample_182759_3.jpg": {
        "LPIPS": 0.602368
    },
    "sample_184184_1.jpg": {
        "LPIPS": 0.570434
    },
    "sample_184184_2.jpg": {
        "LPIPS": 0.632278
    },
    "sample_184384_1.jpg": {
        "LPIPS": 0.639954
    },
    "sample_187866_1.jpg": {
        "LPIPS": 0.683153
    },
    "sample_188612_1.jpg": {
        "LPIPS": 0.411005
    },
    "sample_189893_1.jpg": {
        "LPIPS": 0.654868
    },
    "sample_190360_2.jpg": {
        "LPIPS": 0.635632
    },
    "sample_193680_1.jpg": {
        "LPIPS": 0.77203
    },
    "sample_203920_1.jpg": {
        "LPIPS": 0.637392
    },
    "sample_204837_1.jpg": {
        "LPIPS": 0.846852
    },
    "sample_204863_1.jpg": {
        "LPIPS": 0.507799
    },
    "sample_205344_1.jpg": {
        "LPIPS": 0.503437
    },
    "sample_205344_2.jpg": {
        "LPIPS": 0.48613
    },
    "sample_207833_1.jpg": {
        "LPIPS": 0.59877
    },
    "sample_211860_1.jpg": {
        "LPIPS": 0.651421
    },
    "sample_211860_2.jpg": {
        "LPIPS": 0.587122
    },
    "sample_214848_1.jpg": {
        "LPIPS": 0.527821
    },
    "sample_214848_2.jpg": {
        "LPIPS": 0.610005
    },
    "sample_215135_1.jpg": {
        "LPIPS": 0.534892
    },
    "sample_215135_2.jpg": {
        "LPIPS": 0.546737
    },
    "sample_219590_1.jpg": {
        "LPIPS": 0.661222
    },
    "sample_221222_1.jpg": {
        "LPIPS": 0.472275
    },
    "sample_221427_1.jpg": {
        "LPIPS": 0.667498
    },
    "sample_229301_1.jpg": {
        "LPIPS": 0.610741
    },
    "sample_234956_1.jpg": {
        "LPIPS": 0.642594
    },
    "sample_234956_2.jpg": {
        "LPIPS": 0.626371
    },
    "sample_234956_3.jpg": {
        "LPIPS": 0.570736
    },
    "sample_235802_1.jpg": {
        "LPIPS": 0.594833
    },
    "sample_235802_2.jpg": {
        "LPIPS": 0.522796
    },
    "sample_237569_1.jpg": {
        "LPIPS": 0.430105
    },
    "sample_237569_2.jpg": {
        "LPIPS": 0.556227
    },
    "sample_240967_1.jpg": {
        "LPIPS": 0.628026
    },
    "sample_240967_2.jpg": {
        "LPIPS": 0.645144
    },
    "sample_24585_1.jpg": {
        "LPIPS": 0.648479
    },
    "sample_24629_1.jpg": {
        "LPIPS": 0.759647
    },
    "sample_249441_1.jpg": {
        "LPIPS": 0.470843
    },
    "sample_253975_1.jpg": {
        "LPIPS": 0.489904
    },
    "sample_254387_1.jpg": {
        "LPIPS": 0.675102
    },
    "sample_256884_1.jpg": {
        "LPIPS": 0.653719
    },
    "sample_256884_2.jpg": {
        "LPIPS": 0.639289
    },
    "sample_2585_1.jpg": {
        "LPIPS": 0.606571
    },
    "sample_2585_2.jpg": {
        "LPIPS": 0.555784
    },
    "sample_259097_1.jpg": {
        "LPIPS": 0.317943
    },
    "sample_259097_2.jpg": {
        "LPIPS": 0.361749
    },
    "sample_259097_3.jpg": {
        "LPIPS": 0.489079
    },
    "sample_25989_1.jpg": {
        "LPIPS": 0.51926
    },
    "sample_25989_2.jpg": {
        "LPIPS": 0.58055
    },
    "sample_25989_3.jpg": {
        "LPIPS": 0.598176
    },
    "sample_262161_1.jpg": {
        "LPIPS": 0.684589
    },
    "sample_266961_1.jpg": {
        "LPIPS": 0.722425
    },
    "sample_267300_1.jpg": {
        "LPIPS": 0.587964
    },
    "sample_267300_2.jpg": {
        "LPIPS": 0.613739
    },
    "sample_26735_1.jpg": {
        "LPIPS": 0.610616
    },
    "sample_270186_1.jpg": {
        "LPIPS": 0.734581
    },
    "sample_270650_1.jpg": {
        "LPIPS": 0.715232
    },
    "sample_272405_1.jpg": {
        "LPIPS": 0.395718
    },
    "sample_272405_2.jpg": {
        "LPIPS": 0.408986
    },
    "sample_272405_3.jpg": {
        "LPIPS": 0.483972
    },
    "sample_273560_1.jpg": {
        "LPIPS": 0.592111
    },
    "sample_273560_2.jpg": {
        "LPIPS": 0.716589
    },
    "sample_273560_3.jpg": {
        "LPIPS": 0.603348
    },