{
    "sample_0.jpg": {
        "CLIP_I": 0.823242,
        "DINO": 0.435701
    },
    "sample_1.jpg": {
        "CLIP_I": 0.739746,
        "DINO": 0.475606
    },
    "sample_2.jpg": {
        "CLIP_I": 0.712891,
        "DINO": 0.525544
    },
    "sample_3.jpg": {
        "CLIP_I": 0.831055,
        "DINO": 0.511521
    },
    "sample_4.jpg": {
        "CLIP_I": 0.82959,
        "DINO": 0.503141
    },
    "sample_5.jpg": {
        "CLIP_I": 0.711914,
        "DINO": 0.561193
    },
    "sample_6.jpg": {
        "CLIP_I": 0.710938,
        "DINO": 0.588194
    },
    "sample_7.jpg": {
        "CLIP_I": 0.733887,
        "DINO": 0.409763
    },
    "sample_8.jpg": {
        "CLIP_I": 0.700195,
        "DINO": 0.400682
    },
    "sample_9.jpg": {
        "CLIP_I": 0.67334,
        "DINO": 0.47718
    },
    "sample_10.jpg": {
        "CLIP_I": 0.696289,
        "DINO": 0.347276
    },
    "sample_11.jpg": {
        "CLIP_I": 0.709473,
        "DINO": 0.318542
    },
    "sample_12.jpg": {
        "CLIP_I": 0.754395,
        "DINO": 0.515348
    },
    "sample_13.jpg": {
        "CLIP_I": 0.69873,
        "DINO": 0.337135
    },
    "sample_14.jpg": {
        "CLIP_I": 0.672852,
        "DINO": 0.640795
    },
    "sample_15.jpg": {
        "CLIP_I": 0.621582,
        "DINO": 0.59679
    },
    "sample_16.jpg": {
        "CLIP_I": 0.614258,
        "DINO": 0.534787
    },
    "sample_17.jpg": {
        "CLIP_I": 0.714355,
        "DINO": 0.5567
    },
    "sample_18.jpg": {
        "CLIP_I": 0.610352,
        "DINO": 0.550695
    },
    "sample_19.jpg": {
        "CLIP_I": 0.64209,
        "DINO": 0.573565
    },
    "sample_20.jpg": {
        "CLIP_I": 0.683105,
        "DINO": 0.633969
    },
    "sample_21.jpg": {
        "CLIP_I": 0.713867,
        "DINO": 0.489465
    },
    "sample_22.jpg": {
        "CLIP_I": 0.766602,
        "DINO": 0.569031
    },
    "sample_23.jpg": {
        "CLIP_I": 0.760742,
        "DINO": 0.511762
    },
    "sample_24.jpg": {
        "CLIP_I": 0.836914,
        "DINO": 0.652608
    },
    "sample_25.jpg": {
        "CLIP_I": 0.749512,
        "DINO": 0.619455
    },
    "sample_26.jpg": {
        "CLIP_I": 0.804199,
        "DINO": 0.400522
    },
    "sample_27.jpg": {
        "CLIP_I": 0.651855,
        "DINO": 0.437591
    },
    "sample_28.jpg": {
        "CLIP_I": 0.674316,
        "DINO": 0.631105
    },
    "sample_29.jpg": {
        "CLIP_I": 0.565918,
        "DINO": 0.52393
    },
    "sample_30.jpg": {
        "CLIP_I": 0.581543,
        "DINO": 0.51086
    },
    "sample_31.jpg": {
        "CLIP_I": 0.618652,
        "DINO": 0.419737
    },
    "sample_32.jpg": {
        "CLIP_I": 0.674316,
        "DINO": 0.665026
    },
    "sample_33.jpg": {
        "CLIP_I": 0.661133,
        "DINO": 0.593874
    },
    "sample_34.jpg": {
        "CLIP_I": 0.72998,
        "DINO": 0.655364
    },
    "sample_35.jpg": {
        "CLIP_I": 0.845215,
        "DINO": 0.572746
    },
    "sample_36.jpg": {
        "CLIP_I": 0.864258,
        "DINO": 0.72342
    },
    "sample_37.jpg": {
        "CLIP_I": 0.762207,
        "DINO": 0.526314
    },
    "sample_38.jpg": {
        "CLIP_I": 0.756836,
        "DINO": 0.59666
    },
    "sample_39.jpg": {
        "CLIP_I": 0.865723,
        "DINO": 0.611138
    },
    "sample_40.jpg": {
        "CLIP_I": 0.853027,
        "DINO": 0.570838
    },
    "sample_41.jpg": {
        "CLIP_I": 0.644531,
        "DINO": 0.520966
    },
    "sample_42.jpg": {
        "CLIP_I": 0.719238,
        "DINO": 0.264405
    },
    "sample_43.jpg": {
        "CLIP_I": 0.761719,
        "DINO": 0.588204
    },
    "sample_44.jpg": {
        "CLIP_I": 0.720703,
        "DINO": 0.42743
    },
    "sample_45.jpg": {
        "CLIP_I": 0.742676,
        "DINO": 0.574391
    },
    "sample_46.jpg": {
        "CLIP_I": 0.740234,
        "DINO": 0.413432
    },
    "sample_47.jpg": {
        "CLIP_I": 0.695801,
        "DINO": 0.341466
    },
    "sample_48.jpg": {
        "CLIP_I": 0.672852,
        "DINO": 0.581135
    },
    "sample_49.jpg": {
        "CLIP_I": 0.77832,
        "DINO": 0.340115
    },
    "sample_50.jpg": {
        "CLIP_I": 0.816895,
        "DINO": 0.174587
    },
    "sample_51.jpg": {
        "CLIP_I": 0.77002,
        "DINO": 0.435794
    },
    "sample_52.jpg": {
        "CLIP_I": 0.794434,
        "DINO": 0.24614
    },
    "sample_53.jpg": {
        "CLIP_I": 0.827637,
        "DINO": 0.39329
    },
    "sample_54.jpg": {
        "CLIP_I": 0.84668,
        "DINO": 0.505295
    },
    "sample_55.jpg": {
        "CLIP_I": 0.813965,
        "DINO": 0.309332
    },
    "sample_56.jpg": {
        "CLIP_I": 0.806152,
        "DINO": 0.77383
    },
    "sample_57.jpg": {
        "CLIP_I": 0.689941,
        "DINO": 0.382687
    },
    "sample_58.jpg": {
        "CLIP_I": 0.722168,
        "DINO": 0.343005
    },
    "sample_59.jpg": {
        "CLIP_I": 0.762207,
        "DINO": 0.668653
    },
    "sample_60.jpg": {
        "CLIP_I": 0.665039,
        "DINO": 0.496662
    },
    "sample_61.jpg": {
        "CLIP_I": 0.800781,
        "DINO": 0.682587
    },
    "sample_62.jpg": {
        "CLIP_I": 0.716797,
        "DINO": 0.613491
    },
    "sample_63.jpg": {
        "CLIP_I": 0.650879,
        "DINO": 0.445698
    },
    "sample_64.jpg": {
        "CLIP_I": 0.637207,
        "DINO": 0.37862
    },
    "sample_65.jpg": {
        "CLIP_I": 0.693848,
        "DINO": 0.406444
    },
    "sample_66.jpg": {
        "CLIP_I": 0.683594,
        "DINO": 0.379125
    },
    "sample_67.jpg": {
        "CLIP_I": 0.602051,
        "DINO": 0.504853
    },
    "sample_68.jpg": {
        "CLIP_I": 0.681641,
        "DINO": 0.463056
    },
    "sample_69.jpg": {
        "CLIP_I": 0.694824,
        "DINO": 0.5254
    },
    "sample_70.jpg": {
        "CLIP_I": 0.726562,
        "DINO": 0.401032
    },
    "sample_71.jpg": {
        "CLIP_I": 0.80127,
        "DINO": 0.534904
    },
    "sample_72.jpg": {
        "CLIP_I": 0.725098,
        "DINO": 0.325183
    },
    "sample_73.jpg": {
        "CLIP_I": 0.678223,
        "DINO": 0.495298
    },
    "sample_74.jpg": {
        "CLIP_I": 0.77002,
        "DINO": 0.461706
    },
    "sample_75.jpg": {
        "CLIP_I": 0.747559,
        "DINO": 0.507243
    },
    "sample_76.jpg": {
        "CLIP_I": 0.758789,
        "DINO": 0.482775
    },
    "sample_77.jpg": {
        "CLIP_I": 0.796387,
        "DINO": 0.400814
    },
    "sample_78.jpg": {
        "CLIP_I": 0.753906,
        "DINO": 0.30647
    },
    "sample_79.jpg": {
        "CLIP_I": 0.766113,
        "DINO": 0.296288
    },
    "sample_80.jpg": {
        "CLIP_I": 0.775391,
        "DINO": 0.349383
    },
    "sample_81.jpg": {
        "CLIP_I": 0.811523,
        "DINO": 0.304781
    },
    "sample_82.jpg": {
        "CLIP_I": 0.741211,
        "DINO": 0.254477
    },
    "sample_83.jpg": {
        "CLIP_I": 0.814941,
        "DINO": 0.416706
    },
    "sample_84.jpg": {
        "CLIP_I": 0.76709,
        "DINO": 0.572174
    },
    "sample_85.jpg": {
        "CLIP_I": 0.90625,
        "DINO": 0.524854
    },
    "sample_86.jpg": {
        "CLIP_I": 0.858887,
        "DINO": 0.662655
    },
    "sample_87.jpg": {
        "CLIP_I": 0.802734,
        "DINO": 0.508171
    },
    "sample_88.jpg": {
        "CLIP_I": 0.793945,
        "DINO": 0.644422
    },
    "sample_89.jpg": {
        "CLIP_I": 0.845215,
        "DINO": 0.557011
    },
    "sample_90.jpg": {
        "CLIP_I": 0.859375,
        "DINO": 0.559864
    },
    "sample_91.jpg": {
        "CLIP_I": 0.845703,
        "DINO": 0.430701
    },
    "sample_92.jpg": {
        "CLIP_I": 0.82959,
        "DINO": 0.76624
    },
    "sample_93.jpg": {
        "CLIP_I": 0.89502,
        "DINO": 0.745599
    },
    "sample_94.jpg": {
        "CLIP_I": 0.914551,
        "DINO": 0.770659
    },
    "sample_95.jpg": {
        "CLIP_I": 0.857422,
        "DINO": 0.697833
    },
    "sample_96.jpg": {
        "CLIP_I": 0.842773,