{
    "sample_0.jpg": {
        "CLIP_I": 0.796387,
        "DINO": 0.572572
    },
    "sample_1.jpg": {
        "CLIP_I": 0.775879,
        "DINO": 0.496026
    },
    "sample_2.jpg": {
        "CLIP_I": 0.743652,
        "DINO": 0.52206
    },
    "sample_3.jpg": {
        "CLIP_I": 0.831543,
        "DINO": 0.529708
    },
    "sample_4.jpg": {
        "CLIP_I": 0.794922,
        "DINO": 0.41685
    },
    "sample_5.jpg": {
        "CLIP_I": 0.641602,
        "DINO": 0.560471
    },
    "sample_6.jpg": {
        "CLIP_I": 0.741699,
        "DINO": 0.650301
    },
    "sample_7.jpg": {
        "CLIP_I": 0.709473,
        "DINO": 0.543867
    },
    "sample_8.jpg": {
        "CLIP_I": 0.683105,
        "DINO": 0.499419
    },
    "sample_9.jpg": {
        "CLIP_I": 0.780762,
        "DINO": 0.484173
    },
    "sample_10.jpg": {
        "CLIP_I": 0.765625,
        "DINO": 0.489548
    },
    "sample_11.jpg": {
        "CLIP_I": 0.687012,
        "DINO": 0.553693
    },
    "sample_12.jpg": {
        "CLIP_I": 0.736328,
        "DINO": 0.520219
    },
    "sample_13.jpg": {
        "CLIP_I": 0.67041,
        "DINO": 0.47518
    },
    "sample_14.jpg": {
        "CLIP_I": 0.671387,
        "DINO": 0.419932
    },
    "sample_15.jpg": {
        "CLIP_I": 0.654785,
        "DINO": 0.517253
    },
    "sample_16.jpg": {
        "CLIP_I": 0.580078,
        "DINO": 0.507675
    },
    "sample_17.jpg": {
        "CLIP_I": 0.687012,
        "DINO": 0.682159
    },
    "sample_18.jpg": {
        "CLIP_I": 0.649902,
        "DINO": 0.556529
    },
    "sample_19.jpg": {
        "CLIP_I": 0.671875,
        "DINO": 0.495018
    },
    "sample_20.jpg": {
        "CLIP_I": 0.675293,
        "DINO": 0.594527
    },
    "sample_21.jpg": {
        "CLIP_I": 0.733398,
        "DINO": 0.528846
    },
    "sample_22.jpg": {
        "CLIP_I": 0.813477,
        "DINO": 0.618462
    },
    "sample_23.jpg": {
        "CLIP_I": 0.743652,
        "DINO": 0.508393
    },
    "sample_24.jpg": {
        "CLIP_I": 0.778809,
        "DINO": 0.662362
    },
    "sample_25.jpg": {
        "CLIP_I": 0.778809,
        "DINO": 0.665726
    },
    "sample_26.jpg": {
        "CLIP_I": 0.787598,
        "DINO": 0.581253
    },
    "sample_27.jpg": {
        "CLIP_I": 0.664062,
        "DINO": 0.4876
    },
    "sample_28.jpg": {
        "CLIP_I": 0.727051,
        "DINO": 0.641593
    },
    "sample_29.jpg": {
        "CLIP_I": 0.714844,
        "DINO": 0.571204
    },
    "sample_30.jpg": {
        "CLIP_I": 0.698242,
        "DINO": 0.519329
    },
    "sample_31.jpg": {
        "CLIP_I": 0.678711,
        "DINO": 0.119218
    },
    "sample_32.jpg": {
        "CLIP_I": 0.76123,
        "DINO": 0.728684
    },
    "sample_33.jpg": {
        "CLIP_I": 0.770996,
        "DINO": 0.574996
    },
    "sample_34.jpg": {
        "CLIP_I": 0.682617,
        "DINO": 0.644324
    },
    "sample_35.jpg": {
        "CLIP_I": 0.853516,
        "DINO": 0.715199
    },
    "sample_36.jpg": {
        "CLIP_I": 0.922852,
        "DINO": 0.771389
    },
    "sample_37.jpg": {
        "CLIP_I": 0.817871,
        "DINO": 0.513415
    },
    "sample_38.jpg": {
        "CLIP_I": 0.718262,
        "DINO": 0.662958
    },
    "sample_39.jpg": {
        "CLIP_I": 0.867188,
        "DINO": 0.486755
    },
    "sample_40.jpg": {
        "CLIP_I": 0.798828,
        "DINO": 0.623758
    },
    "sample_41.jpg": {
        "CLIP_I": 0.708984,
        "DINO": 0.591388
    },
    "sample_42.jpg": {
        "CLIP_I": 0.513672,
        "DINO": 0.341645
    },
    "sample_43.jpg": {
        "CLIP_I": 0.794922,
        "DINO": 0.550442
    },
    "sample_44.jpg": {
        "CLIP_I": 0.819336,
        "DINO": 0.701174
    },
    "sample_45.jpg": {
        "CLIP_I": 0.815918,
        "DINO": 0.647318
    },
    "sample_46.jpg": {
        "CLIP_I": 0.761719,
        "DINO": 0.504603
    },
    "sample_47.jpg": {
        "CLIP_I": 0.771973,
        "DINO": 0.308324
    },
    "sample_48.jpg": {
        "CLIP_I": 0.696777,
        "DINO": 0.561739
    },
    "sample_49.jpg": {
        "CLIP_I": 0.717773,
        "DINO": 0.441356
    },
    "sample_50.jpg": {
        "CLIP_I": 0.841309,
        "DINO": 0.505069
    },
    "sample_51.jpg": {
        "CLIP_I": 0.835449,
        "DINO": 0.470339
    },
    "sample_52.jpg": {
        "CLIP_I": 0.750488,
        "DINO": 0.491365
    },
    "sample_53.jpg": {
        "CLIP_I": 0.80957,
        "DINO": 0.412919
    },
    "sample_54.jpg": {
        "CLIP_I": 0.826172,
        "DINO": 0.612485
    },
    "sample_55.jpg": {
        "CLIP_I": 0.810059,
        "DINO": 0.423872
    },
    "sample_56.jpg": {
        "CLIP_I": 0.803223,
        "DINO": 0.704811
    },
    "sample_57.jpg": {
        "CLIP_I": 0.715332,
        "DINO": 0.464742
    },
    "sample_58.jpg": {
        "CLIP_I": 0.686523,
        "DINO": 0.306688
    },
    "sample_59.jpg": {
        "CLIP_I": 0.769043,
        "DINO": 0.66462
    },
    "sample_60.jpg": {
        "CLIP_I": 0.710449,
        "DINO": 0.537162
    },
    "sample_61.jpg": {
        "CLIP_I": 0.810547,
        "DINO": 0.637048
    },
    "sample_62.jpg": {
        "CLIP_I": 0.790527,
        "DINO": 0.630679
    },
    "sample_63.jpg": {
        "CLIP_I": 0.664551,
        "DINO": 0.48196
    },
    "sample_64.jpg": {
        "CLIP_I": 0.675293,
        "DINO": 0.509802
    },
    "sample_65.jpg": {
        "CLIP_I": 0.703125,
        "DINO": 0.517137
    },
    "sample_66.jpg": {
        "CLIP_I": 0.697266,
        "DINO": 0.459743
    },
    "sample_67.jpg": {
        "CLIP_I": 0.578125,
        "DINO": 0.448826
    },
    "sample_68.jpg": {
        "CLIP_I": 0.694824,
        "DINO": 0.465663
    },
    "sample_69.jpg": {
        "CLIP_I": 0.755859,
        "DINO": 0.606091
    },
    "sample_70.jpg": {
        "CLIP_I": 0.766113,
        "DINO": 0.55393
    },
    "sample_71.jpg": {
        "CLIP_I": 0.802246,
        "DINO": 0.647909
    },
    "sample_72.jpg": {
        "CLIP_I": 0.710938,
        "DINO": 0.431169
    },
    "sample_73.jpg": {
        "CLIP_I": 0.741211,
        "DINO": 0.583536
    },
    "sample_74.jpg": {
        "CLIP_I": 0.785156,
        "DINO": 0.629688
    },
    "sample_75.jpg": {
        "CLIP_I": 0.73584,
        "DINO": 0.642208
    },
    "sample_76.jpg": {
        "CLIP_I": 0.726562,
        "DINO": 0.509697
    },
    "sample_77.jpg": {
        "CLIP_I": 0.839355,
        "DINO": 0.48588
    },
    "sample_78.jpg": {
        "CLIP_I": 0.851074,
        "DINO": 0.517691
    },
    "sample_79.jpg": {
        "CLIP_I": 0.847168,
        "DINO": 0.516134
    },
    "sample_80.jpg": {
        "CLIP_I": 0.809082,
        "DINO": 0.473847
    },
    "sample_81.jpg": {
        "CLIP_I": 0.843262,
        "DINO": 0.425337
    },
    "sample_82.jpg": {
        "CLIP_I": 0.754395,
        "DINO": 0.29546
    },
    "sample_83.jpg": {
        "CLIP_I": 0.825195,
        "DINO": 0.513132
    },
    "sample_84.jpg": {
        "CLIP_I": 0.731934,
        "DINO": 0.61353
    },
    "sample_85.jpg": {
        "CLIP_I": 0.879883,
        "DINO": 0.487908
    },
    "sample_86.jpg": {
        "CLIP_I": 0.718262,
        "DINO": 0.601346
    },
    "sample_87.jpg": {
        "CLIP_I": 0.799805,
        "DINO": 0.385683
    },
    "sample_88.jpg": {
        "CLIP_I": 0.78418,
        "DINO": 0.579942
    },
    "sample_89.jpg": {
        "CLIP_I": 0.785156,
        "DINO": 0.549015
    },
    "sample_90.jpg": {
        "CLIP_I": 0.812988,
        "DINO": 0.529185
    },
    "sample_91.jpg": {
        "CLIP_I": 0.720215,
        "DINO": 0.209496
    },
    "sample_92.jpg": {
        "CLIP_I": 0.911133,
        "DINO": 0.808238
    },
    "sample_93.jpg": {
        "CLIP_I": 0.865723,
        "DINO": 0.739869
    },
    "sample_94.jpg": {
        "CLIP_I": 0.876953,
        "DINO": 0.779957
    },
    "sample_95.jpg": {
        "CLIP_I": 0.816895,
        "DINO": 0.71311
    },
    "sample_96.jpg": {
        "CLIP_I": 0.777832,