{
    "sample_0.jpg": {
        "CLIP_I": 0.699219,
        "DINO": 0.484878
    },
    "sample_1.jpg": {
        "CLIP_I": 0.755371,
        "DINO": 0.55392
    },
    "sample_2.jpg": {
        "CLIP_I": 0.681152,
        "DINO": 0.615809
    },
    "sample_3.jpg": {
        "CLIP_I": 0.864258,
        "DINO": 0.567239
    },
    "sample_4.jpg": {
        "CLIP_I": 0.822266,
        "DINO": 0.517291
    },
    "sample_5.jpg": {
        "CLIP_I": 0.577637,
        "DINO": 0.547198
    },
    "sample_6.jpg": {
        "CLIP_I": 0.746094,
        "DINO": 0.680618
    },
    "sample_7.jpg": {
        "CLIP_I": 0.786621,
        "DINO": 0.507318
    },
    "sample_8.jpg": {
        "CLIP_I": 0.747559,
        "DINO": 0.553149
    },
    "sample_9.jpg": {
        "CLIP_I": 0.788086,
        "DINO": 0.62217
    },
    "sample_10.jpg": {
        "CLIP_I": 0.785156,
        "DINO": 0.665117
    },
    "sample_11.jpg": {
        "CLIP_I": 0.788086,
        "DINO": 0.680073
    },
    "sample_12.jpg": {
        "CLIP_I": 0.800781,
        "DINO": 0.657102
    },
    "sample_13.jpg": {
        "CLIP_I": 0.739258,
        "DINO": 0.577579
    },
    "sample_14.jpg": {
        "CLIP_I": 0.647461,
        "DINO": 0.510068
    },
    "sample_15.jpg": {
        "CLIP_I": 0.724609,
        "DINO": 0.673408
    },
    "sample_16.jpg": {
        "CLIP_I": 0.683594,
        "DINO": 0.679324
    },
    "sample_17.jpg": {
        "CLIP_I": 0.682129,
        "DINO": 0.67216
    },
    "sample_18.jpg": {
        "CLIP_I": 0.682617,
        "DINO": 0.561733
    },
    "sample_19.jpg": {
        "CLIP_I": 0.719727,
        "DINO": 0.527814
    },
    "sample_20.jpg": {
        "CLIP_I": 0.717773,
        "DINO": 0.605796
    },
    "sample_21.jpg": {
        "CLIP_I": 0.713379,
        "DINO": 0.712125
    },
    "sample_22.jpg": {
        "CLIP_I": 0.796875,
        "DINO": 0.700739
    },
    "sample_23.jpg": {
        "CLIP_I": 0.737793,
        "DINO": 0.639826
    },
    "sample_24.jpg": {
        "CLIP_I": 0.858398,
        "DINO": 0.751175
    },
    "sample_25.jpg": {
        "CLIP_I": 0.775879,
        "DINO": 0.71288
    },
    "sample_26.jpg": {
        "CLIP_I": 0.855957,
        "DINO": 0.603602
    },
    "sample_27.jpg": {
        "CLIP_I": 0.688477,
        "DINO": 0.513584
    },
    "sample_28.jpg": {
        "CLIP_I": 0.743652,
        "DINO": 0.6185
    },
    "sample_29.jpg": {
        "CLIP_I": 0.729492,
        "DINO": 0.578426
    },
    "sample_30.jpg": {
        "CLIP_I": 0.678223,
        "DINO": 0.595772
    },
    "sample_31.jpg": {
        "CLIP_I": 0.807617,
        "DINO": 0.589073
    },
    "sample_32.jpg": {
        "CLIP_I": 0.753906,
        "DINO": 0.617413
    },
    "sample_33.jpg": {
        "CLIP_I": 0.766113,
        "DINO": 0.613558
    },
    "sample_34.jpg": {
        "CLIP_I": 0.71582,
        "DINO": 0.6697
    },
    "sample_35.jpg": {
        "CLIP_I": 0.868164,
        "DINO": 0.726584
    },
    "sample_36.jpg": {
        "CLIP_I": 0.877441,
        "DINO": 0.82623
    },
    "sample_37.jpg": {
        "CLIP_I": 0.787598,
        "DINO": 0.5988
    },
    "sample_38.jpg": {
        "CLIP_I": 0.826172,
        "DINO": 0.645208
    },
    "sample_39.jpg": {
        "CLIP_I": 0.948242,
        "DINO": 0.687268
    },
    "sample_40.jpg": {
        "CLIP_I": 0.821289,
        "DINO": 0.703011
    },
    "sample_41.jpg": {
        "CLIP_I": 0.856934,
        "DINO": 0.697477
    },
    "sample_42.jpg": {
        "CLIP_I": 0.608887,
        "DINO": 0.499614
    },
    "sample_43.jpg": {
        "CLIP_I": 0.828125,
        "DINO": 0.609304
    },
    "sample_44.jpg": {
        "CLIP_I": 0.847656,
        "DINO": 0.717558
    },
    "sample_45.jpg": {
        "CLIP_I": 0.84375,
        "DINO": 0.704709
    },
    "sample_46.jpg": {
        "CLIP_I": 0.84668,
        "DINO": 0.598597
    },
    "sample_47.jpg": {
        "CLIP_I": 0.794434,
        "DINO": 0.346068
    },
    "sample_48.jpg": {
        "CLIP_I": 0.825684,
        "DINO": 0.682752
    },
    "sample_49.jpg": {
        "CLIP_I": 0.773438,
        "DINO": 0.459575
    },
    "sample_50.jpg": {
        "CLIP_I": 0.82666,
        "DINO": 0.545848
    },
    "sample_51.jpg": {
        "CLIP_I": 0.886719,
        "DINO": 0.629716
    },
    "sample_52.jpg": {
        "CLIP_I": 0.824219,
        "DINO": 0.523774
    },
    "sample_53.jpg": {
        "CLIP_I": 0.813477,
        "DINO": 0.475411
    },
    "sample_54.jpg": {
        "CLIP_I": 0.83252,
        "DINO": 0.640169
    },
    "sample_55.jpg": {
        "CLIP_I": 0.83252,
        "DINO": 0.472808
    },
    "sample_56.jpg": {
        "CLIP_I": 0.873535,
        "DINO": 0.792328
    },
    "sample_57.jpg": {
        "CLIP_I": 0.753418,
        "DINO": 0.478578
    },
    "sample_58.jpg": {
        "CLIP_I": 0.718262,
        "DINO": 0.265504
    },
    "sample_59.jpg": {
        "CLIP_I": 0.79541,
        "DINO": 0.625219
    },
    "sample_60.jpg": {
        "CLIP_I": 0.73877,
        "DINO": 0.578737
    },
    "sample_61.jpg": {
        "CLIP_I": 0.847656,
        "DINO": 0.597154
    },
    "sample_62.jpg": {
        "CLIP_I": 0.791504,
        "DINO": 0.635473
    },
    "sample_63.jpg": {
        "CLIP_I": 0.708496,
        "DINO": 0.610184
    },
    "sample_64.jpg": {
        "CLIP_I": 0.686523,
        "DINO": 0.55019
    },
    "sample_65.jpg": {
        "CLIP_I": 0.722168,
        "DINO": 0.572261
    },
    "sample_66.jpg": {
        "CLIP_I": 0.733398,
        "DINO": 0.639719
    },
    "sample_67.jpg": {
        "CLIP_I": 0.586914,
        "DINO": 0.53082
    },
    "sample_68.jpg": {
        "CLIP_I": 0.727539,
        "DINO": 0.514081
    },
    "sample_69.jpg": {
        "CLIP_I": 0.760254,
        "DINO": 0.633061
    },
    "sample_70.jpg": {
        "CLIP_I": 0.754395,
        "DINO": 0.590113
    },
    "sample_71.jpg": {
        "CLIP_I": 0.839844,
        "DINO": 0.682739
    },
    "sample_72.jpg": {
        "CLIP_I": 0.736816,
        "DINO": 0.705616
    },
    "sample_73.jpg": {
        "CLIP_I": 0.793945,
        "DINO": 0.684943
    },
    "sample_74.jpg": {
        "CLIP_I": 0.810059,
        "DINO": 0.498294
    },
    "sample_75.jpg": {
        "CLIP_I": 0.782715,
        "DINO": 0.696355
    },
    "sample_76.jpg": {
        "CLIP_I": 0.82959,
        "DINO": 0.676609
    },
    "sample_77.jpg": {
        "CLIP_I": 0.70459,
        "DINO": 0.498786
    },
    "sample_78.jpg": {
        "CLIP_I": 0.849121,
        "DINO": 0.507821
    },
    "sample_79.jpg": {
        "CLIP_I": 0.828125,
        "DINO": 0.533561
    },
    "sample_80.jpg": {
        "CLIP_I": 0.854492,
        "DINO": 0.56684
    },
    "sample_81.jpg": {
        "CLIP_I": 0.850098,
        "DINO": 0.442022
    },
    "sample_82.jpg": {
        "CLIP_I": 0.75,
        "DINO": 0.389716
    },
    "sample_83.jpg": {
        "CLIP_I": 0.853027,
        "DINO": 0.57711
    },
    "sample_84.jpg": {
        "CLIP_I": 0.745605,
        "DINO": 0.611578
    },
    "sample_85.jpg": {
        "CLIP_I": 0.853516,
        "DINO": 0.60803
    },
    "sample_86.jpg": {
        "CLIP_I": 0.816895,
        "DINO": 0.558156
    },
    "sample_87.jpg": {
        "CLIP_I": 0.776855,
        "DINO": 0.490371
    },
    "sample_88.jpg": {
        "CLIP_I": 0.791016,
        "DINO": 0.649654
    },
    "sample_89.jpg": {
        "CLIP_I": 0.834473,
        "DINO": 0.661377
    },
    "sample_90.jpg": {
        "CLIP_I": 0.831543,
        "DINO": 0.583434
    },
    "sample_91.jpg": {
        "CLIP_I": 0.748047,
        "DINO": 0.471613
    },
    "sample_92.jpg": {
        "CLIP_I": 0.908203,
        "DINO": 0.847303
    },
    "sample_93.jpg": {
        "CLIP_I": 0.91748,
        "DINO": 0.777136
    },
    "sample_94.jpg": {
        "CLIP_I": 0.919434,
        "DINO": 0.784888
    },
    "sample_95.jpg": {
        "CLIP_I": 0.833496,
        "DINO": 0.769068
    },
    "sample_96.jpg": {
        "CLIP_I": 0.787109,