{
    "sample_0.jpg": {
        "CLIP_I": 0.637695,
        "DINO": 0.176272
    },
    "sample_1.jpg": {
        "CLIP_I": 0.79248,
        "DINO": 0.256456
    },
    "sample_2.jpg": {
        "CLIP_I": 0.836914,
        "DINO": 0.303589
    },
    "sample_3.jpg": {
        "CLIP_I": 0.638184,
        "DINO": 0.055679
    },
    "sample_4.jpg": {
        "CLIP_I": 0.736328,
        "DINO": 0.244412
    },
    "sample_5.jpg": {
        "CLIP_I": 0.622559,
        "DINO": 0.078189
    },
    "sample_6.jpg": {
        "CLIP_I": 0.664551,
        "DINO": 0.173282
    },
    "sample_7.jpg": {
        "CLIP_I": 0.738281,
        "DINO": 0.328452
    },
    "sample_8.jpg": {
        "CLIP_I": 0.625,
        "DINO": 0.08108
    },
    "sample_9.jpg": {
        "CLIP_I": 0.706543,
        "DINO": 0.251759
    },
    "sample_10.jpg": {
        "CLIP_I": 0.677246,
        "DINO": 0.532378
    },
    "sample_11.jpg": {
        "CLIP_I": 0.759277,
        "DINO": 0.643178
    },
    "sample_12.jpg": {
        "CLIP_I": 0.726074,
        "DINO": 0.663112
    },
    "sample_13.jpg": {
        "CLIP_I": 0.696777,
        "DINO": 0.525682
    },
    "sample_14.jpg": {
        "CLIP_I": 0.757324,
        "DINO": 0.508775
    },
    "sample_15.jpg": {
        "CLIP_I": 0.723633,
        "DINO": 0.457484
    },
    "sample_16.jpg": {
        "CLIP_I": 0.609863,
        "DINO": 0.308762
    },
    "sample_17.jpg": {
        "CLIP_I": 0.651855,
        "DINO": 0.269446
    },
    "sample_18.jpg": {
        "CLIP_I": 0.677734,
        "DINO": 0.513841
    },
    "sample_19.jpg": {
        "CLIP_I": 0.616211,
        "DINO": 0.514712
    },
    "sample_20.jpg": {
        "CLIP_I": 0.569336,
        "DINO": 0.199771
    },
    "sample_21.jpg": {
        "CLIP_I": 0.429199,
        "DINO": 0.11144
    },
    "sample_22.jpg": {
        "CLIP_I": 0.500488,
        "DINO": 0.021683
    },
    "sample_23.jpg": {
        "CLIP_I": 0.491211,
        "DINO": 0.125582
    },
    "sample_24.jpg": {
        "CLIP_I": 0.668945,
        "DINO": 0.291685
    },
    "sample_25.jpg": {
        "CLIP_I": 0.740234,
        "DINO": 0.450091
    },
    "sample_26.jpg": {
        "CLIP_I": 0.713379,
        "DINO": 0.405689
    },
    "sample_27.jpg": {
        "CLIP_I": 0.641602,
        "DINO": 0.332546
    },
    "sample_28.jpg": {
        "CLIP_I": 0.62207,
        "DINO": 0.279081
    },
    "sample_29.jpg": {
        "CLIP_I": 0.693848,
        "DINO": 0.403737
    },
    "sample_30.jpg": {
        "CLIP_I": 0.870117,
        "DINO": 0.696853
    },
    "sample_31.jpg": {
        "CLIP_I": 0.733887,
        "DINO": 0.525493
    },
    "sample_32.jpg": {
        "CLIP_I": 0.765625,
        "DINO": 0.615611
    },
    "sample_33.jpg": {
        "CLIP_I": 0.842285,
        "DINO": 0.729188
    },
    "sample_34.jpg": {
        "CLIP_I": 0.776855,
        "DINO": 0.489876
    },
    "sample_35.jpg": {
        "CLIP_I": 0.761719,
        "DINO": 0.553761
    },
    "sample_36.jpg": {
        "CLIP_I": 0.739746,
        "DINO": 0.587652
    },
    "sample_37.jpg": {
        "CLIP_I": 0.648438,
        "DINO": 0.503646
    },
    "sample_38.jpg": {
        "CLIP_I": 0.796875,
        "DINO": 0.657489
    },
    "sample_39.jpg": {
        "CLIP_I": 0.814941,
        "DINO": 0.586729
    },
    "sample_40.jpg": {
        "CLIP_I": 0.810059,
        "DINO": 0.559476
    },
    "sample_41.jpg": {
        "CLIP_I": 0.87793,
        "DINO": 0.719193
    },
    "sample_42.jpg": {
        "CLIP_I": 0.828125,
        "DINO": 0.528239
    },
    "sample_43.jpg": {
        "CLIP_I": 0.739258,
        "DINO": 0.472722
    },
    "sample_44.jpg": {
        "CLIP_I": 0.868164,
        "DINO": 0.557246
    },
    "sample_45.jpg": {
        "CLIP_I": 0.851562,
        "DINO": 0.656111
    },
    "sample_46.jpg": {
        "CLIP_I": 0.84082,
        "DINO": 0.748955
    },
    "sample_47.jpg": {
        "CLIP_I": 0.79834,
        "DINO": 0.746871
    },
    "sample_48.jpg": {
        "CLIP_I": 0.709473,
        "DINO": 0.461116
    },
    "sample_49.jpg": {
        "CLIP_I": 0.862305,
        "DINO": 0.759235
    },
    "sample_50.jpg": {
        "CLIP_I": 0.474609,
        "DINO": 0.039334
    },
    "sample_51.jpg": {
        "CLIP_I": 0.614258,
        "DINO": 0.12459
    },
    "sample_52.jpg": {
        "CLIP_I": 0.54248,
        "DINO": 0.164423
    },
    "sample_53.jpg": {
        "CLIP_I": 0.727051,
        "DINO": 0.238699
    },
    "sample_54.jpg": {
        "CLIP_I": 0.631836,
        "DINO": 0.160139
    },
    "sample_55.jpg": {
        "CLIP_I": 0.552246,
        "DINO": 0.052256
    },
    "sample_56.jpg": {
        "CLIP_I": 0.734863,
        "DINO": 0.154763
    },
    "sample_57.jpg": {
        "CLIP_I": 0.649414,
        "DINO": 0.17535
    },
    "sample_58.jpg": {
        "CLIP_I": 0.754883,
        "DINO": 0.19044
    },
    "sample_59.jpg": {
        "CLIP_I": 0.72998,
        "DINO": 0.23692
    },
    "sample_60.jpg": {
        "CLIP_I": 0.383301,
        "DINO": 0.086603
    },
    "sample_61.jpg": {
        "CLIP_I": 0.713379,
        "DINO": 0.287411
    },
    "sample_62.jpg": {
        "CLIP_I": 0.711426,
        "DINO": 0.247263
    },
    "sample_63.jpg": {
        "CLIP_I": 0.787598,
        "DINO": 0.346128
    },
    "sample_64.jpg": {
        "CLIP_I": 0.619629,
        "DINO": 0.058788
    },
    "sample_65.jpg": {
        "CLIP_I": 0.465576,
        "DINO": 0.093147
    },
    "sample_66.jpg": {
        "CLIP_I": 0.557617,
        "DINO": 0.257346
    },
    "sample_67.jpg": {
        "CLIP_I": 0.717773,
        "DINO": 0.359967
    },
    "sample_68.jpg": {
        "CLIP_I": 0.694336,
        "DINO": 0.307091
    },
    "sample_69.jpg": {
        "CLIP_I": 0.566895,
        "DINO": 0.133475
    },
    "sample_70.jpg": {
        "CLIP_I": 0.62793,
        "DINO": 0.307106
    },
    "sample_71.jpg": {
        "CLIP_I": 0.70752,
        "DINO": 0.237185
    },
    "sample_72.jpg": {
        "CLIP_I": 0.653809,
        "DINO": 0.383051
    },
    "sample_73.jpg": {
        "CLIP_I": 0.771973,
        "DINO": 0.26753
    },
    "sample_74.jpg": {
        "CLIP_I": 0.691895,
        "DINO": 0.292549
    },
    "sample_75.jpg": {
        "CLIP_I": 0.568848,
        "DINO": 0.108589
    },
    "sample_76.jpg": {
        "CLIP_I": 0.652344,
        "DINO": 0.375771
    },
    "sample_77.jpg": {
        "CLIP_I": 0.657227,
        "DINO": 0.159104
    },
    "sample_78.jpg": {
        "CLIP_I": 0.713379,
        "DINO": 0.395325
    },
    "sample_79.jpg": {
        "CLIP_I": 0.676758,
        "DINO": 0.159223
    },
    "sample_80.jpg": {
        "CLIP_I": 0.79248,
        "DINO": 0.377657
    },
    "sample_81.jpg": {
        "CLIP_I": 0.897461,
        "DINO": 0.379481
    },
    "sample_82.jpg": {
        "CLIP_I": 0.504395,
        "DINO": 0.051475
    },
    "sample_83.jpg": {
        "CLIP_I": 0.775391,
        "DINO": 0.049422
    },
    "sample_84.jpg": {
        "CLIP_I": 0.745117,
        "DINO": 0.164675
    },
    "sample_85.jpg": {
        "CLIP_I": 0.806152,
        "DINO": 0.636243
    },
    "sample_86.jpg": {
        "CLIP_I": 0.875488,
        "DINO": 0.641395
    },
    "sample_87.jpg": {
        "CLIP_I": 0.808594,
        "DINO": 0.56212
    },
    "sample_88.jpg": {
        "CLIP_I": 0.835449,
        "DINO": 0.558726
    },
    "sample_89.jpg": {
        "CLIP_I": 0.787598,
        "DINO": 0.469082
    },
    "sample_90.jpg": {
        "CLIP_I": 0.785645,
        "DINO": 0.431737
    },
    "sample_91.jpg": {
        "CLIP_I": 0.792969,
        "DINO": 0.394963
    },
    "sample_92.jpg": {
        "CLIP_I": 0.474365,
        "DINO": 0.195612
    },
    "sample_93.jpg": {
        "CLIP_I": 0.489258,
        "DINO": 0.010513
    },
    "sample_94.jpg": {
        "CLIP_I": 0.630371,
        "DINO": 0.124208
    },
    "sample_95.jpg": {
        "CLIP_I": 0.674805,
        "DINO": 0.483567
    },
    "sample_96.jpg": {
        "CLIP_I": 0.760742,