{
    "sample_100081_1.jpg": {
        "LPIPS": 0.067859
    },
    "sample_100081_3.jpg": {
        "LPIPS": 0.0866
    },
    "sample_100558_1.jpg": {
        "LPIPS": 0.082666
    },
    "sample_102171_1.jpg": {
        "LPIPS": 0.184113
    },
    "sample_102625_1.jpg": {
        "LPIPS": 0.064583
    },
    "sample_102625_2.jpg": {
        "LPIPS": 0.140365
    },
    "sample_102724_1.jpg": {
        "LPIPS": 0.229652
    },
    "sample_104304_1.jpg": {
        "LPIPS": 0.043418
    },
    "sample_104304_2.jpg": {
        "LPIPS": 0.061542
    },
    "sample_104304_3.jpg": {
        "LPIPS": 0.039519
    },
    "sample_106508_1.jpg": {
        "LPIPS": 0.253612
    },
    "sample_106508_2.jpg": {
        "LPIPS": 0.063259
    },
    "sample_106772_1.jpg": {
        "LPIPS": 0.067428
    },
    "sample_106772_2.jpg": {
        "LPIPS": 0.06387
    },
    "sample_108871_1.jpg": {
        "LPIPS": 0.115777
    },
    "sample_108871_2.jpg": {
        "LPIPS": 0.095076
    },
    "sample_109776_1.jpg": {
        "LPIPS": 0.140282
    },
    "sample_11091_1.jpg": {
        "LPIPS": 0.065256
    },
    "sample_111376_1.jpg": {
        "LPIPS": 0.099756
    },
    "sample_112286_1.jpg": {
        "LPIPS": 0.308396
    },
    "sample_121612_1.jpg": {
        "LPIPS": 0.042918
    },
    "sample_122896_1.jpg": {
        "LPIPS": 0.276482
    },
    "sample_125106_1.jpg": {
        "LPIPS": 0.056773
    },
    "sample_125106_2.jpg": {
        "LPIPS": 0.035093
    },
    "sample_125106_3.jpg": {
        "LPIPS": 0.058292
    },
    "sample_129062_1.jpg": {
        "LPIPS": 0.052431
    },
    "sample_129062_2.jpg": {
        "LPIPS": 0.062765
    },
    "sample_129587_1.jpg": {
        "LPIPS": 0.156645
    },
    "sample_129587_2.jpg": {
        "LPIPS": 0.246786
    },
    "sample_129587_3.jpg": {
        "LPIPS": 0.202078
    },
    "sample_130518_1.jpg": {
        "LPIPS": 0.162789
    },
    "sample_134290_1.jpg": {
        "LPIPS": 0.464478
    },
    "sample_134290_2.jpg": {
        "LPIPS": 0.336529
    },
    "sample_134597_1.jpg": {
        "LPIPS": 0.09832
    },
    "sample_139276_1.jpg": {
        "LPIPS": 0.045942
    },
    "sample_140513_1.jpg": {
        "LPIPS": 0.362798
    },
    "sample_140513_2.jpg": {
        "LPIPS": 0.339508
    },
    "sample_142400_1.jpg": {
        "LPIPS": 0.144137
    },
    "sample_142400_2.jpg": {
        "LPIPS": 0.070506
    },
    "sample_142510_1.jpg": {
        "LPIPS": 0.063991
    },
    "sample_142510_2.jpg": {
        "LPIPS": 0.281689
    },
    "sample_142585_1.jpg": {
        "LPIPS": 0.15294
    },
    "sample_147546_1.jpg": {
        "LPIPS": 0.290271
    },
    "sample_148240_1.jpg": {
        "LPIPS": 0.044436
    },
    "sample_148240_2.jpg": {
        "LPIPS": 0.068562
    },
    "sample_150812_1.jpg": {
        "LPIPS": 0.207905
    },
    "sample_151_1.jpg": {
        "LPIPS": 0.115889
    },
    "sample_153639_2.jpg": {
        "LPIPS": 0.562915
    },
    "sample_155790_1.jpg": {
        "LPIPS": 0.165962
    },
    "sample_158548_1.jpg": {
        "LPIPS": 0.081349
    },
    "sample_158548_2.jpg": {
        "LPIPS": 0.098213
    },
    "sample_158726_1.jpg": {
        "LPIPS": 0.106253
    },
    "sample_158726_2.jpg": {
        "LPIPS": 0.254053
    },
    "sample_163114_2.jpg": {
        "LPIPS": 0.152055
    },
    "sample_17320_1.jpg": {
        "LPIPS": 0.227364
    },
    "sample_175584_1.jpg": {
        "LPIPS": 0.202602
    },
    "sample_175584_2.jpg": {
        "LPIPS": 0.212931
    },
    "sample_175584_3.jpg": {
        "LPIPS": 0.108718
    },
    "sample_177572_1.jpg": {
        "LPIPS": 0.113941
    },
    "sample_177824_1.jpg": {
        "LPIPS": 0.286105
    },
    "sample_178403_1.jpg": {
        "LPIPS": 0.091336
    },
    "sample_178403_2.jpg": {
        "LPIPS": 0.158312
    },
    "sample_178403_3.jpg": {
        "LPIPS": 0.180335
    },
    "sample_178928_1.jpg": {
        "LPIPS": 0.130471
    },
    "sample_178928_2.jpg": {
        "LPIPS": 0.114885
    },
    "sample_181699_1.jpg": {
        "LPIPS": 0.223134
    },
    "sample_181699_2.jpg": {
        "LPIPS": 0.187277
    },
    "sample_182759_3.jpg": {
        "LPIPS": 0.120199
    },
    "sample_184184_1.jpg": {
        "LPIPS": 0.080979
    },
    "sample_184184_2.jpg": {
        "LPIPS": 0.273902
    },
    "sample_184384_1.jpg": {
        "LPIPS": 0.107634
    },
    "sample_187866_1.jpg": {
        "LPIPS": 0.25705
    },
    "sample_188612_1.jpg": {
        "LPIPS": 0.048115
    },
    "sample_189893_1.jpg": {
        "LPIPS": 0.098341
    },
    "sample_190360_2.jpg": {
        "LPIPS": 0.06345
    },
    "sample_193680_1.jpg": {
        "LPIPS": 0.205978
    },
    "sample_203920_1.jpg": {
        "LPIPS": 0.301941
    },
    "sample_204837_1.jpg": {
        "LPIPS": 0.105609
    },
    "sample_204863_1.jpg": {
        "LPIPS": 0.106499
    },
    "sample_205344_1.jpg": {
        "LPIPS": 0.058371
    },
    "sample_205344_2.jpg": {
        "LPIPS": 0.03246
    },
    "sample_207833_1.jpg": {
        "LPIPS": 0.156301
    },
    "sample_211860_1.jpg": {
        "LPIPS": 0.089053
    },
    "sample_211860_2.jpg": {
        "LPIPS": 0.070487
    },
    "sample_214848_1.jpg": {
        "LPIPS": 0.182032
    },
    "sample_214848_2.jpg": {
        "LPIPS": 0.090818
    },
    "sample_215135_1.jpg": {
        "LPIPS": 0.120602
    },
    "sample_215135_2.jpg": {
        "LPIPS": 0.101847
    },
    "sample_219590_1.jpg": {
        "LPIPS": 0.17128
    },
    "sample_221222_1.jpg": {
        "LPIPS": 0.066689
    },
    "sample_221427_1.jpg": {
        "LPIPS": 0.063545
    },
    "sample_229301_1.jpg": {
        "LPIPS": 0.112986
    },
    "sample_234956_1.jpg": {
        "LPIPS": 0.098244
    },
    "sample_234956_2.jpg": {
        "LPIPS": 0.176302
    },
    "sample_234956_3.jpg": {
        "LPIPS": 0.049458
    },
    "sample_235802_1.jpg": {
        "LPIPS": 0.307968
    },
    "sample_235802_2.jpg": {
        "LPIPS": 0.44843
    },
    "sample_237569_1.jpg": {
        "LPIPS": 0.054398
    },
    "sample_237569_2.jpg": {
        "LPIPS": 0.182215
    },
    "sample_240967_1.jpg": {
        "LPIPS": 0.185482
    },
    "sample_240967_2.jpg": {
        "LPIPS": 0.111795
    },
    "sample_24585_1.jpg": {
        "LPIPS": 0.120597
    },
    "sample_24629_1.jpg": {
        "LPIPS": 0.137013
    },
    "sample_249441_1.jpg": {
        "LPIPS": 0.25198
    },
    "sample_253975_1.jpg": {
        "LPIPS": 0.233556
    },
    "sample_254387_1.jpg": {
        "LPIPS": 0.037859
    },
    "sample_256884_1.jpg": {
        "LPIPS": 0.065181
    },
    "sample_256884_2.jpg": {
        "LPIPS": 0.034587
    },
    "sample_2585_1.jpg": {
        "LPIPS": 0.036295
    },
    "sample_2585_2.jpg": {
        "LPIPS": 0.18929
    },
    "sample_259097_1.jpg": {
        "LPIPS": 0.059438
    },
    "sample_259097_2.jpg": {
        "LPIPS": 0.052613
    },
    "sample_259097_3.jpg": {
        "LPIPS": 0.323582
    },
    "sample_25989_1.jpg": {
        "LPIPS": 0.09117
    },
    "sample_25989_2.jpg": {
        "LPIPS": 0.072231
    },
    "sample_25989_3.jpg": {
        "LPIPS": 0.21764
    },
    "sample_262161_1.jpg": {
        "LPIPS": 0.581092
    },
    "sample_266961_1.jpg": {
        "LPIPS": 0.411524
    },
    "sample_267300_1.jpg": {
        "LPIPS": 0.112391
    },
    "sample_267300_2.jpg": {
        "LPIPS": 0.038554
    },
    "sample_26735_1.jpg": {
        "LPIPS": 0.188877
    },
    "sample_270186_1.jpg": {
        "LPIPS": 0.089487
    },
    "sample_270650_1.jpg": {
        "LPIPS": 0.119933
    },
    "sample_272405_1.jpg": {
        "LPIPS": 0.0599
    },
    "sample_272405_2.jpg": {
        "LPIPS": 0.181619
    },
    "sample_272405_3.jpg": {
        "LPIPS": 0.118252
    },
    "sample_273560_1.jpg": {
        "LPIPS": 0.082207
    },
    "sample_273560_2.jpg": {
        "LPIPS": 0.048964
    },
    "sample_273560_3.jpg": {
        "LPIPS": 0.061338
    },